month,town,flat_type,block,street_name,storey_range,floor_area_sqm,flat_model,lease_commence_date,resale_price,remaining_lease_years,remaining_lease_months,remaining_lease,lease_diff_months,lease_mismatch_flag
2025-01,JURONG EAST,3 ROOM,37,TEBAN GDNS RD,04 TO 06,67.0,Improved,1981,350000.0,40,1,40 years 1 months,179,True
2019-08,TAMPINES,4 ROOM,861,TAMPINES AVE 5,01 TO 03,104.0,Model A,1988,440000.0,68,11,68 years 11 months,18,True
2019-08,BUKIT PANJANG,EXECUTIVE,542,JELAPANG RD,10 TO 12,142.0,Maisonette,1999,800000.0,79,11,79 years 11 months,18,True
2019-07,TAMPINES,5 ROOM,493C,TAMPINES ST 43,07 TO 09,125.0,Improved,1993,463000.0,73,11,73 years 11 months,17,True
2019-08,JURONG WEST,5 ROOM,522,JURONG WEST ST 52,07 TO 09,118.0,Improved,1982,488000.0,62,10,62 years 10 months,17,True
2019-07,YISHUN,3 ROOM,114,YISHUN RING RD,01 TO 03,74.0,Model A,1983,260000.0,63,11,63 years 11 months,17,True
2019-07,SENGKANG,4 ROOM,184C,RIVERVALE CRES,07 TO 09,85.0,Model A2,2003,329000.0,83,11,83 years 11 months,17,True
2019-07,CHOA CHU KANG,5 ROOM,683A,CHOA CHU KANG CRES,01 TO 03,111.0,Improved,2002,335000.0,82,11,82 years 11 months,17,True
2019-07,QUEENSTOWN,3 ROOM,171,STIRLING RD,04 TO 06,60.0,Improved,1970,235000.0,50,11,50 years 11 months,17,True
2019-07,YISHUN,5 ROOM,115B,YISHUN RING RD,04 TO 06,112.0,Improved,2001,400000.0,81,11,81 years 11 months,17,True
2019-07,CHOA CHU KANG,5 ROOM,297,CHOA CHU KANG AVE 2,07 TO 09,122.0,Premium Apartment,1999,397500.0,79,11,79 years 11 months,17,True
2019-07,CLEMENTI,4 ROOM,709,CLEMENTI WEST ST 2,04 TO 06,92.0,New Generation,1980,377000.0,60,11,60 years 11 months,17,True
2019-07,BUKIT MERAH,5 ROOM,7,KIM TIAN PL,16 TO 18,131.0,Model A,1984,870000.0,64,11,64 years 11 months,17,True
2019-07,MARINE PARADE,4 ROOM,74,MARINE DR,10 TO 12,82.0,Improved,1976,490000.0,56,11,56 years 11 months,17,True
2019-08,BUKIT PANJANG,5 ROOM,546C,SEGAR RD,01 TO 03,112.0,Improved,2015,467000.0,95,10,95 years 10 months,17,True
2019-07,PASIR RIS,4 ROOM,213,PASIR RIS ST 21,01 TO 03,106.0,Model A,1993,380000.0,73,11,73 years 11 months,17,True
2019-07,KALLANG/WHAMPOA,3 ROOM,53,JLN MA'MOR,01 TO 03,108.0,Terrace,1972,845000.0,52,11,52 years 11 months,17,True
2019-07,BUKIT BATOK,4 ROOM,297,BT BATOK ST 22,13 TO 15,100.0,Model A,1997,460000.0,77,11,77 years 11 months,17,True
2019-08,BUKIT PANJANG,5 ROOM,546C,SEGAR RD,04 TO 06,112.0,Improved,2015,497000.0,95,10,95 years 10 months,17,True
2019-08,CHOA CHU KANG,5 ROOM,683C,CHOA CHU KANG CRES,04 TO 06,110.0,Improved,2002,346500.0,82,10,82 years 10 months,17,True
2019-07,TOA PAYOH,3 ROOM,207,TOA PAYOH NTH,10 TO 12,65.0,Improved,1973,280000.0,53,11,53 years 11 months,17,True
2019-07,JURONG WEST,EXECUTIVE,671C,JURONG WEST ST 65,13 TO 15,125.0,Apartment,2002,506000.0,82,10,82 years 10 months,16,True
2019-07,PUNGGOL,5 ROOM,266A,PUNGGOL WAY,13 TO 15,112.0,Improved,2015,638888.0,95,10,95 years 10 months,16,True
2019-07,SERANGOON,4 ROOM,231,SERANGOON AVE 3,07 TO 09,104.0,Model A,1985,570000.0,65,10,65 years 10 months,16,True
2019-07,GEYLANG,4 ROOM,318,UBI AVE 1,07 TO 09,84.0,Simplified,1985,360000.0,65,10,65 years 10 months,16,True
2019-06,QUEENSTOWN,3 ROOM,32,HOLLAND CL,01 TO 03,59.0,Improved,1974,295000.0,54,11,54 years 11 months,16,True
2019-06,QUEENSTOWN,3 ROOM,8,HOLLAND AVE,07 TO 09,59.0,Improved,1974,270000.0,54,11,54 years 11 months,16,True
2019-06,QUEENSTOWN,3 ROOM,102,C'WEALTH CRES,07 TO 09,55.0,Standard,1970,225000.0,50,11,50 years 11 months,16,True
2019-06,PUNGGOL,3 ROOM,266C,PUNGGOL WAY,13 TO 15,67.0,Model A,2015,369000.0,95,11,95 years 11 months,16,True
2019-06,TAMPINES,3 ROOM,868A,TAMPINES AVE 8,10 TO 12,67.0,Model A,2015,380000.0,95,11,95 years 11 months,16,True
2019-06,WOODLANDS,4 ROOM,366,WOODLANDS AVE 5,01 TO 03,105.0,Model A,1996,390000.0,76,11,76 years 11 months,16,True
2019-07,PASIR RIS,4 ROOM,119,PASIR RIS ST 11,07 TO 09,105.0,Model A,1989,405000.0,69,10,69 years 10 months,16,True
2019-06,SENGKANG,4 ROOM,333A,ANCHORVALE LINK,04 TO 06,92.0,Model A,2015,465000.0,95,11,95 years 11 months,16,True
2019-06,WOODLANDS,5 ROOM,782D,WOODLANDS CRES,10 TO 12,112.0,Improved,2015,465000.0,95,11,95 years 11 months,16,True
2019-07,BEDOK,3 ROOM,104,BEDOK NTH AVE 4,07 TO 09,82.0,New Generation,1977,306000.0,57,10,57 years 10 months,16,True
2019-07,QUEENSTOWN,3 ROOM,6,GHIM MOH RD,13 TO 15,65.0,Improved,1976,340000.0,56,10,56 years 10 months,16,True
2025-02,ANG MO KIO,3 ROOM,308A,ANG MO KIO AVE 1,01 TO 03,70.0,Model A,2012,550000.0,87,2,87 years 2 months,15,True
2019-05,JURONG WEST,4 ROOM,457,JURONG WEST ST 41,01 TO 03,103.0,Model A,1984,315000.0,64,11,64 years 11 months,15,True
2019-05,MARINE PARADE,3 ROOM,30,MARINE CRES,10 TO 12,65.0,Improved,1975,338000.0,55,11,55 years 11 months,15,True
2019-07,JURONG EAST,4 ROOM,112,JURONG EAST ST 13,04 TO 06,93.0,New Generation,1981,408000.0,61,9,61 years 9 months,15,True
2019-07,TAMPINES,3 ROOM,266,TAMPINES ST 21,07 TO 09,78.0,Model A,1984,305000.0,64,9,64 years 9 months,15,True
2019-07,SERANGOON,5 ROOM,121,SERANGOON NTH AVE 1,01 TO 03,121.0,Improved,1985,433500.0,65,9,65 years 9 months,15,True
2019-07,HOUGANG,4 ROOM,709,HOUGANG AVE 2,01 TO 03,91.0,New Generation,1985,318000.0,65,9,65 years 9 months,15,True
2019-08,BUKIT BATOK,3 ROOM,506,BT BATOK ST 52,07 TO 09,69.0,Improved,1987,252000.0,67,8,67 years 8 months,15,True
2019-07,YISHUN,3 ROOM,114,YISHUN RING RD,04 TO 06,74.0,Model A,1983,245000.0,63,9,63 years 9 months,15,True
2019-08,CLEMENTI,3 ROOM,706,CLEMENTI WEST ST 2,01 TO 03,68.0,New Generation,1980,245000.0,60,8,60 years 8 months,15,True
2019-07,TOA PAYOH,3 ROOM,143,POTONG PASIR AVE 2,01 TO 03,74.0,Model A,1984,395000.0,64,9,64 years 9 months,15,True
2019-07,TAMPINES,4 ROOM,153,SIMEI ST 1,04 TO 06,84.0,Simplified,1988,372000.0,68,9,68 years 9 months,15,True
2019-07,QUEENSTOWN,3 ROOM,160,MEI LING ST,07 TO 09,72.0,Improved,1970,305000.0,50,9,50 years 9 months,15,True
2023-10,PUNGGOL,4 ROOM,659A,PUNGGOL EAST,13 TO 15,93.0,Model A,2018,605000.0,94,6,94 years 6 months,15,True
2019-06,BUKIT PANJANG,5 ROOM,163,GANGSA RD,13 TO 15,120.0,Improved,1998,605000.0,78,10,78 years 10 months,15,True
2023-02,CHOA CHU KANG,4 ROOM,202,CHOA CHU KANG AVE 1,07 TO 09,113.0,Model A,1989,466000.0,66,2,66 years 2 months,15,True
2019-07,BUKIT BATOK,5 ROOM,303,BT BATOK ST 31,01 TO 03,122.0,Improved,1985,390000.0,65,9,65 years 9 months,15,True
2019-06,JURONG WEST,4 ROOM,175C,YUNG KUANG RD,13 TO 15,93.0,Premium Apartment,2015,448000.0,95,10,95 years 10 months,15,True
2019-06,JURONG WEST,4 ROOM,411,JURONG WEST ST 42,04 TO 06,104.0,Model A,1984,295000.0,64,10,64 years 10 months,15,True
2019-06,PUNGGOL,5 ROOM,266D,PUNGGOL WAY,10 TO 12,111.0,Improved,2015,630000.0,95,10,95 years 10 months,15,True
2019-06,PUNGGOL,5 ROOM,265C,PUNGGOL WAY,07 TO 09,111.0,Improved,2015,675000.0,95,10,95 years 10 months,15,True
2019-06,SERANGOON,3 ROOM,1,LOR LEW LIAN,10 TO 12,64.0,Improved,1978,301000.0,58,10,58 years 10 months,15,True
2019-05,BEDOK,3 ROOM,29,NEW UPP CHANGI RD,04 TO 06,65.0,Improved,1977,295000.0,57,11,57 years 11 months,15,True
2019-05,BUKIT PANJANG,5 ROOM,185,JELEBU RD,28 TO 30,112.0,Premium Apartment,2003,658888.0,83,11,83 years 11 months,15,True
2019-05,SENGKANG,4 ROOM,223D,COMPASSVALE WALK,04 TO 06,102.0,Model A,1999,400000.0,79,11,79 years 11 months,15,True
2019-07,BEDOK,4 ROOM,650,JLN TENAGA,04 TO 06,108.0,Model A,1996,450000.0,76,9,76 years 9 months,15,True
2019-07,BEDOK,5 ROOM,104,BEDOK RESERVOIR RD,10 TO 12,123.0,Improved,1985,475000.0,65,9,65 years 9 months,15,True
2019-05,YISHUN,3 ROOM,107,YISHUN RING RD,01 TO 03,68.0,New Generation,1982,250000.0,62,11,62 years 11 months,15,True
2019-06,SENGKANG,4 ROOM,333C,ANCHORVALE LINK,13 TO 15,92.0,Model A,2015,478000.0,95,10,95 years 10 months,15,True
2019-07,WOODLANDS,5 ROOM,782E,WOODLANDS CRES,13 TO 15,112.0,Improved,2015,470000.0,95,9,95 years 9 months,15,True
2019-07,PUNGGOL,4 ROOM,303C,PUNGGOL CTRL,07 TO 09,93.0,Premium Apartment,2010,480000.0,90,9,90 years 9 months,15,True
2019-06,SENGKANG,4 ROOM,332B,ANCHORVALE LINK,13 TO 15,92.0,Model A,2015,460000.0,95,10,95 years 10 months,15,True
2019-06,TAMPINES,5 ROOM,143,TAMPINES ST 12,01 TO 03,133.0,Model A,1984,538000.0,64,10,64 years 10 months,15,True
2019-06,TAMPINES,4 ROOM,733,TAMPINES ST 71,10 TO 12,100.0,Model A,1997,455000.0,77,10,77 years 10 months,15,True
2019-06,GEYLANG,5 ROOM,28,CASSIA CRES,07 TO 09,120.0,Improved,1998,805000.0,78,9,78 years 9 months,14,True
2023-08,JURONG WEST,5 ROOM,750,JURONG WEST ST 73,07 TO 09,128.0,Improved,1993,590000.0,69,7,69 years 7 months,14,True
2023-09,JURONG WEST,3 ROOM,417,JURONG WEST ST 42,07 TO 09,64.0,Simplified,1985,360000.0,61,6,61 years 6 months,14,True
2019-06,GEYLANG,4 ROOM,30,CASSIA CRES,13 TO 15,102.0,Model A,1998,715000.0,78,9,78 years 9 months,14,True
2023-01,BUKIT BATOK,3 ROOM,131,BT BATOK WEST AVE 6,04 TO 06,73.0,Model A,1984,365000.0,61,2,61 years 2 months,14,True
2023-10,HOUGANG,4 ROOM,678,HOUGANG AVE 8,01 TO 03,89.0,Simplified,1988,458000.0,64,5,64 years 5 months,14,True
2017-04,BISHAN,4 ROOM,226,BISHAN ST 23,04 TO 06,102.0,Model A,1992,565000.0,74,11,74 years 11 months,14,True
2025-07,HOUGANG,EXECUTIVE,974,HOUGANG ST 91,07 TO 09,137.0,Apartment,1999,860000.0,73,8,73 years 8 months,14,True
2019-05,CHOA CHU KANG,4 ROOM,705,CHOA CHU KANG ST 53,04 TO 06,114.0,Model A,1995,330000.0,75,10,75 years 10 months,14,True
2019-05,HOUGANG,4 ROOM,837,HOUGANG CTRL,07 TO 09,99.0,Model A,1997,530000.0,77,10,77 years 10 months,14,True
2017-04,BEDOK,5 ROOM,803,CHAI CHEE RD,10 TO 12,122.0,Improved,1993,615000.0,75,11,75 years 11 months,14,True
2019-05,MARINE PARADE,3 ROOM,35,MARINE CRES,07 TO 09,59.0,Improved,1975,310000.0,55,10,55 years 10 months,14,True
2024-10,CLEMENTI,3 ROOM,339,CLEMENTI AVE 5,10 TO 12,67.0,New Generation,1979,420000.0,54,5,54 years 5 months,14,True
2019-05,BEDOK,5 ROOM,805,CHAI CHEE RD,13 TO 15,123.0,Improved,1993,625000.0,73,10,73 years 10 months,14,True
2019-07,SENGKANG,3 ROOM,453D,FERNVALE RD,25 TO 27,67.0,Model A,2015,355000.0,95,8,95 years 8 months,14,True
2020-06,SENGKANG,3 ROOM,334C,ANCHORVALE CRES,04 TO 06,67.0,Premium Apartment,2015,320000.0,94,9,94 years 9 months,14,True
2020-06,PUNGGOL,5 ROOM,173C,PUNGGOL FIELD,13 TO 15,112.0,Improved,2003,410000.0,82,9,82 years 9 months,14,True
2020-06,PUNGGOL,4 ROOM,209B,PUNGGOL PL,10 TO 12,92.0,Model A,2014,452000.0,93,9,93 years 9 months,14,True
2020-06,TAMPINES,3 ROOM,270,TAMPINES ST 21,04 TO 06,75.0,Model A,1985,325000.0,64,9,64 years 9 months,14,True
2019-07,BEDOK,3 ROOM,519,BEDOK NTH AVE 1,01 TO 03,67.0,New Generation,1979,250000.0,59,8,59 years 8 months,14,True
2019-07,PASIR RIS,5 ROOM,632,PASIR RIS DR 3,01 TO 03,122.0,Improved,1995,460000.0,75,8,75 years 8 months,14,True
2020-06,TAMPINES,5 ROOM,518D,TAMPINES CTRL 7,13 TO 15,109.0,DBSS,2008,790000.0,87,9,87 years 9 months,14,True
2019-06,PUNGGOL,4 ROOM,207D,PUNGGOL PL,07 TO 09,92.0,Model A,2014,495000.0,94,9,94 years 9 months,14,True
2020-07,SENGKANG,4 ROOM,185C,RIVERVALE CRES,16 TO 18,85.0,Model A2,2000,350000.0,79,8,79 years 8 months,14,True
2019-06,JURONG WEST,EXECUTIVE,558,JURONG WEST ST 42,04 TO 06,150.0,Maisonette,1985,520000.0,65,9,65 years 9 months,14,True
2019-06,PUNGGOL,3 ROOM,312A,SUMANG LINK,13 TO 15,68.0,Model A,2015,370000.0,95,9,95 years 9 months,14,True
2020-06,TAMPINES,4 ROOM,832,TAMPINES ST 82,13 TO 15,84.0,Simplified,1984,400000.0,63,9,63 years 9 months,14,True
2019-05,BUKIT BATOK,EXECUTIVE,354,BT BATOK ST 31,01 TO 03,148.0,Maisonette,1987,570000.0,67,10,67 years 10 months,14,True
2019-05,BEDOK,3 ROOM,412,BEDOK NTH AVE 2,04 TO 06,67.0,New Generation,1979,300000.0,59,10,59 years 10 months,14,True
2019-06,JURONG EAST,4 ROOM,210,JURONG EAST ST 21,04 TO 06,105.0,New Generation,1983,403000.0,63,9,63 years 9 months,14,True
2021-03,YISHUN,3 ROOM,821,YISHUN ST 81,01 TO 03,70.0,Simplified,1987,273000.0,66,0,66 years 0 months,14,True
2019-06,PUNGGOL,EXECUTIVE,115,EDGEFIELD PLAINS,13 TO 15,130.0,Premium Apartment,2003,585000.0,83,9,83 years 9 months,14,True
2021-11,BUKIT MERAH,4 ROOM,8,CANTONMENT CL,22 TO 24,90.0,Model A,2002,805000.0,80,4,80 years 4 months,14,True
2021-08,PUNGGOL,4 ROOM,671A,EDGEFIELD PLAINS,01 TO 03,90.0,Model A,2015,422000.0,93,7,93 years 7 months,14,True
2022-03,JURONG WEST,4 ROOM,274D,JURONG WEST AVE 3,10 TO 12,90.0,Model A,2001,393000.0,79,0,79 years 0 months,14,True
2022-03,HOUGANG,3 ROOM,642,HOUGANG AVE 8,01 TO 03,60.0,Improved,1987,308000.0,65,0,65 years 0 months,14,True
2022-12,TOA PAYOH,4 ROOM,17,JOO SENG RD,07 TO 09,106.0,Model A,1983,530000.0,60,3,60 years 3 months,14,True
2022-09,HOUGANG,3 ROOM,112,HOUGANG AVE 1,07 TO 09,81.0,New Generation,1981,408000.0,58,6,58 years 6 months,14,True
2019-05,TOA PAYOH,4 ROOM,79E,TOA PAYOH CTRL,16 TO 18,91.0,Model A,2009,762000.0,89,10,89 years 10 months,14,True
2019-05,SENGKANG,5 ROOM,451A,SENGKANG WEST WAY,01 TO 03,111.0,Improved,2015,505000.0,95,10,95 years 10 months,14,True
2019-05,SEMBAWANG,4 ROOM,324,SEMBAWANG CL,10 TO 12,100.0,Model A,1999,325000.0,79,10,79 years 10 months,14,True
2019-06,ANG MO KIO,3 ROOM,604,ANG MO KIO AVE 5,04 TO 06,67.0,New Generation,1980,245000.0,60,9,60 years 9 months,14,True
2020-06,YISHUN,3 ROOM,363,YISHUN RING RD,01 TO 03,74.0,Model A,1988,255000.0,67,9,67 years 9 months,14,True
2021-04,TAMPINES,3 ROOM,436,TAMPINES ST 43,04 TO 06,74.0,Model A,1986,322000.0,64,11,64 years 11 months,14,True
2019-06,BUKIT BATOK,3 ROOM,539,BT BATOK ST 52,04 TO 06,73.0,Model A,1987,265000.0,67,9,67 years 9 months,14,True
2020-06,YISHUN,3 ROOM,742,YISHUN AVE 5,01 TO 03,67.0,New Generation,1985,255000.0,64,9,64 years 9 months,14,True
2020-06,JURONG EAST,5 ROOM,281,TOH GUAN RD,10 TO 12,120.0,Improved,1998,610000.0,77,9,77 years 9 months,14,True
2020-06,HOUGANG,5 ROOM,970,HOUGANG ST 91,01 TO 03,121.0,Improved,1999,428000.0,78,9,78 years 9 months,14,True
2020-06,HOUGANG,5 ROOM,245,HOUGANG ST 22,04 TO 06,121.0,Improved,1984,420000.0,63,9,63 years 9 months,14,True
2020-06,HOUGANG,5 ROOM,173,HOUGANG AVE 1,13 TO 15,122.0,Improved,1997,555000.0,76,9,76 years 9 months,14,True
2020-06,PUNGGOL,3 ROOM,672A,EDGEFIELD PLAINS,01 TO 03,65.0,Model A,2015,320000.0,94,9,94 years 9 months,14,True
2020-06,KALLANG/WHAMPOA,4 ROOM,683,TESSENSOHN RD,10 TO 12,103.0,Model A,1986,541688.0,65,9,65 years 9 months,14,True
2019-07,SENGKANG,2 ROOM,453A,FERNVALE RD,25 TO 27,46.0,Model A,2015,275000.0,95,8,95 years 8 months,14,True
2019-07,QUEENSTOWN,3 ROOM,169,STIRLING RD,01 TO 03,60.0,Improved,1970,198888.0,50,8,50 years 8 months,14,True
2019-07,PUNGGOL,4 ROOM,313C,SUMANG LINK,07 TO 09,92.0,Model A,2015,535888.0,95,8,95 years 8 months,14,True
2019-07,JURONG EAST,3 ROOM,36,TEBAN GDNS RD,10 TO 12,74.0,Improved,1977,260000.0,57,8,57 years 8 months,14,True
2019-07,YISHUN,4 ROOM,443,YISHUN AVE 11,04 TO 06,92.0,Model A,2012,355000.0,92,8,92 years 8 months,14,True
2019-07,SENGKANG,5 ROOM,206A,COMPASSVALE LANE,13 TO 15,122.0,Improved,1999,470000.0,79,8,79 years 8 months,14,True
2019-07,BUKIT PANJANG,5 ROOM,547A,SEGAR RD,13 TO 15,112.0,Improved,2015,512500.0,95,8,95 years 8 months,14,True
2019-07,YISHUN,4 ROOM,445,YISHUN AVE 11,04 TO 06,92.0,Model A,2012,388000.0,92,8,92 years 8 months,14,True
2020-06,GEYLANG,5 ROOM,55,PIPIT RD,01 TO 03,121.0,Improved,1997,600000.0,76,9,76 years 9 months,14,True
2019-07,WOODLANDS,5 ROOM,543,WOODLANDS DR 16,10 TO 12,121.0,Improved,2000,450000.0,80,8,80 years 8 months,14,True
2020-06,BUKIT MERAH,4 ROOM,11,CANTONMENT CL,28 TO 30,75.0,Model A,2002,710000.0,81,9,81 years 9 months,14,True
2020-06,BUKIT PANJANG,5 ROOM,622,SENJA RD,13 TO 15,111.0,Improved,2001,445000.0,80,9,80 years 9 months,14,True
2020-06,BUKIT PANJANG,5 ROOM,549B,SEGAR RD,04 TO 06,113.0,Improved,2015,495000.0,94,9,94 years 9 months,14,True
2020-06,BUKIT PANJANG,5 ROOM,549A,SEGAR RD,13 TO 15,113.0,Improved,2015,537000.0,94,9,94 years 9 months,14,True
2020-06,BUKIT PANJANG,4 ROOM,550A,SEGAR RD,16 TO 18,92.0,Model A,2015,445000.0,94,9,94 years 9 months,14,True
2020-06,HOUGANG,4 ROOM,636,HOUGANG AVE 8,01 TO 03,84.0,Simplified,1987,312000.0,66,9,66 years 9 months,14,True
2020-06,HOUGANG,3 ROOM,112,HOUGANG AVE 1,07 TO 09,67.0,New Generation,1981,280000.0,60,9,60 years 9 months,14,True
2019-08,BUKIT PANJANG,3 ROOM,547C,SEGAR RD,16 TO 18,67.0,Model A,2015,326000.0,95,7,95 years 7 months,14,True
2020-06,BUKIT PANJANG,2 ROOM,488,SEGAR RD,10 TO 12,47.0,Model A,2014,227500.0,93,9,93 years 9 months,14,True
2020-06,BUKIT PANJANG,3 ROOM,454,FAJAR RD,10 TO 12,68.0,Model A,2015,328000.0,94,9,94 years 9 months,14,True
2020-06,BUKIT PANJANG,4 ROOM,431,BT PANJANG RING RD,10 TO 12,84.0,Simplified,1988,300000.0,67,9,67 years 9 months,14,True
2020-06,BUKIT PANJANG,4 ROOM,549B,SEGAR RD,16 TO 18,92.0,Model A,2015,423000.0,94,9,94 years 9 months,14,True
2020-06,ANG MO KIO,4 ROOM,596B,ANG MO KIO ST 52,19 TO 21,91.0,Model A,2002,658000.0,81,9,81 years 9 months,14,True
2017-04,BISHAN,4 ROOM,230,BISHAN ST 23,04 TO 06,107.0,Model A,1992,568000.0,74,11,74 years 11 months,14,True
2017-04,BISHAN,EXECUTIVE,208,BISHAN ST 23,01 TO 03,145.0,Maisonette,1992,860000.0,74,11,74 years 11 months,14,True
2025-12,HOUGANG,5 ROOM,103,HOUGANG AVE 1,01 TO 03,135.0,Model A,1983,680000.0,57,3,57 years 3 months,14,True
2017-05,PASIR RIS,5 ROOM,568,PASIR RIS ST 51,07 TO 09,123.0,Improved,1992,459000.0,74,9,74 years 9 months,13,True
2017-08,HOUGANG,4 ROOM,465,UPP SERANGOON RD,07 TO 09,105.0,Model A,1992,450000.0,74,6,74 years 6 months,13,True
2018-07,PASIR RIS,EXECUTIVE,465,PASIR RIS ST 41,07 TO 09,144.0,Apartment,1992,590000.0,73,7,73 years 7 months,13,True
2026-04,SEMBAWANG,3 ROOM,102B,CANBERRA ST,01 TO 03,69.0,Model A,2020,513000.0,93,10,93 years 10 months,13,True
2026-04,CHOA CHU KANG,5 ROOM,251,CHOA CHU KANG AVE 2,04 TO 06,122.0,Improved,1994,625000.0,67,10,67 years 10 months,13,True
2017-10,PUNGGOL,4 ROOM,612A,PUNGGOL DR,13 TO 15,93.0,Model A,2012,428888.0,94,4,94 years 4 months,13,True
2025-06,TOA PAYOH,EXECUTIVE,257,KIM KEAT AVE,04 TO 06,146.0,Maisonette,1988,1088000.0,62,8,62 years 8 months,13,True
2025-07,BUKIT PANJANG,3 ROOM,251,BANGKIT RD,07 TO 09,73.0,Model A,1988,438000.0,62,7,62 years 7 months,13,True
2025-07,SEMBAWANG,2 ROOM,101B,CANBERRA ST,07 TO 09,47.0,2-room,2020,385000.0,94,7,94 years 7 months,13,True
2025-07,SEMBAWANG,2 ROOM,103A,CANBERRA ST,13 TO 15,38.0,2-room,2020,355000.0,94,7,94 years 7 months,13,True
2025-07,TAMPINES,5 ROOM,518B,TAMPINES CTRL 7,10 TO 12,108.0,DBSS,2008,950000.0,82,7,82 years 7 months,13,True
2025-08,HOUGANG,4 ROOM,424,HOUGANG AVE 6,07 TO 09,106.0,Model A,1989,678000.0,63,6,63 years 6 months,13,True
2025-08,HOUGANG,4 ROOM,970,HOUGANG ST 91,10 TO 12,101.0,Model A,1999,618888.0,73,6,73 years 6 months,13,True
2025-08,YISHUN,4 ROOM,127,YISHUN ST 11,01 TO 03,97.0,New Generation,1984,522888.0,58,6,58 years 6 months,13,True
2019-05,JURONG EAST,4 ROOM,330,JURONG EAST AVE 1,04 TO 06,104.0,Model A,1983,338000.0,63,9,63 years 9 months,13,True
2025-12,QUEENSTOWN,5 ROOM,52,STRATHMORE AVE,37 TO 39,110.0,Improved,2006,1280000.0,80,2,80 years 2 months,13,True
2025-12,SENGKANG,4 ROOM,336C,ANCHORVALE CRES,16 TO 18,92.0,Premium Apartment,2015,770000.0,89,2,89 years 2 months,13,True
2026-01,BUKIT PANJANG,3 ROOM,229,PENDING RD,01 TO 03,73.0,Model A,1988,435000.0,62,1,62 years 1 months,13,True
2026-01,BUKIT PANJANG,4 ROOM,487,SEGAR RD,04 TO 06,93.0,Model A,2014,595000.0,88,1,88 years 1 months,13,True
2026-01,BUKIT PANJANG,4 ROOM,487,SEGAR RD,07 TO 09,93.0,Model A,2014,569000.0,88,1,88 years 1 months,13,True
2026-01,CLEMENTI,3 ROOM,109,CLEMENTI ST 11,04 TO 06,67.0,New Generation,1984,420000.0,58,1,58 years 1 months,13,True
2026-01,GEYLANG,4 ROOM,3A,GEYLANG SERAI,10 TO 12,93.0,Model A,2011,938000.0,85,1,85 years 1 months,13,True
2020-06,ANG MO KIO,3 ROOM,650,ANG MO KIO ST 61,16 TO 18,67.0,Model A,2015,455000.0,94,8,94 years 8 months,13,True
2020-06,BEDOK,4 ROOM,767,BEDOK RESERVOIR VIEW,04 TO 06,107.0,Premium Apartment,2000,552000.0,79,8,79 years 8 months,13,True
2020-06,BEDOK,4 ROOM,768,BEDOK RESERVOIR VIEW,07 TO 09,104.0,Premium Apartment,2000,588000.0,79,8,79 years 8 months,13,True
2020-06,BEDOK,5 ROOM,771,BEDOK RESERVOIR VIEW,13 TO 15,115.0,Premium Apartment,2000,625000.0,79,8,79 years 8 months,13,True
2020-06,BEDOK,5 ROOM,99,BEDOK NTH AVE 4,01 TO 03,125.0,Standard,1978,470000.0,57,8,57 years 8 months,13,True
2020-06,BEDOK,EXECUTIVE,638,BEDOK RESERVOIR RD,04 TO 06,143.0,Apartment,1993,730000.0,72,8,72 years 8 months,13,True
2020-06,BEDOK,EXECUTIVE,638,BEDOK RESERVOIR RD,07 TO 09,146.0,Apartment,1993,720000.0,72,8,72 years 8 months,13,True
2020-06,BEDOK,EXECUTIVE,639,BEDOK RESERVOIR RD,07 TO 09,143.0,Apartment,1993,726000.0,72,8,72 years 8 months,13,True
2020-06,BISHAN,5 ROOM,166,BISHAN ST 13,01 TO 03,122.0,Improved,1987,590000.0,66,8,66 years 8 months,13,True
2018-01,BUKIT BATOK,3 ROOM,135,BT BATOK WEST AVE 6,04 TO 06,82.0,New Generation,1984,270000.0,66,1,66 years 1 months,13,True
2018-01,BUKIT PANJANG,5 ROOM,179,LOMPANG RD,01 TO 03,110.0,Improved,2001,450000.0,83,1,83 years 1 months,13,True
2018-01,JURONG WEST,5 ROOM,273A,JURONG WEST AVE 3,07 TO 09,111.0,Improved,2001,370000.0,83,1,83 years 1 months,13,True
2018-01,SENGKANG,4 ROOM,272A,SENGKANG CTRL,04 TO 06,90.0,Premium Apartment,2009,405000.0,91,1,91 years 1 months,13,True
2018-07,BUKIT PANJANG,3 ROOM,229,PENDING RD,04 TO 06,73.0,Model A,1988,300000.0,69,7,69 years 7 months,13,True
2026-04,SENGKANG,4 ROOM,336C,ANCHORVALE CRES,13 TO 15,92.0,Premium Apartment,2015,725000.0,88,10,88 years 10 months,13,True
2026-04,TAMPINES,4 ROOM,214,TAMPINES ST 23,04 TO 06,93.0,New Generation,1985,575000.0,58,10,58 years 10 months,13,True
2020-06,BUKIT PANJANG,3 ROOM,548A,SEGAR RD,10 TO 12,67.0,Model A,2015,320000.0,94,8,94 years 8 months,13,True
2020-06,BUKIT PANJANG,3 ROOM,550A,SEGAR RD,10 TO 12,67.0,Model A,2015,325000.0,94,8,94 years 8 months,13,True
2020-06,BUKIT PANJANG,4 ROOM,221,PENDING RD,01 TO 03,103.0,Model A,1988,338000.0,67,8,67 years 8 months,13,True
2020-06,BUKIT BATOK,3 ROOM,217,BT BATOK ST 21,10 TO 12,67.0,New Generation,1984,261000.0,63,8,63 years 8 months,13,True
2020-06,BUKIT BATOK,4 ROOM,291A,BT BATOK ST 24,01 TO 03,104.0,Model A,1997,360000.0,76,8,76 years 8 months,13,True
2020-06,BUKIT BATOK,5 ROOM,390,BT BATOK WEST AVE 5,22 TO 24,118.0,Improved,2004,555000.0,83,8,83 years 8 months,13,True
2020-06,BUKIT BATOK,EXECUTIVE,288A,BT BATOK ST 25,10 TO 12,144.0,Apartment,1997,720000.0,76,8,76 years 8 months,13,True
2020-06,BUKIT BATOK,EXECUTIVE,289A,BT BATOK ST 25,07 TO 09,144.0,Apartment,1997,700000.0,76,8,76 years 8 months,13,True
2020-06,BUKIT MERAH,3 ROOM,26A,JLN MEMBINA,01 TO 03,60.0,Model A,2008,435000.0,87,8,87 years 8 months,13,True
2019-08,JURONG WEST,3 ROOM,187,BOON LAY AVE,22 TO 24,59.0,Improved,1978,210000.0,58,6,58 years 6 months,13,True
2019-08,SENGKANG,5 ROOM,301A,ANCHORVALE DR,04 TO 06,110.0,Improved,2001,450000.0,81,6,81 years 6 months,13,True
2020-06,BUKIT PANJANG,4 ROOM,455,SEGAR RD,07 TO 09,93.0,Premium Apartment,2012,418000.0,91,8,91 years 8 months,13,True
2020-06,BUKIT PANJANG,4 ROOM,548A,SEGAR RD,13 TO 15,92.0,Model A,2015,455000.0,94,8,94 years 8 months,13,True
2020-06,BUKIT PANJANG,4 ROOM,548A,SEGAR RD,16 TO 18,92.0,Model A,2015,460000.0,94,8,94 years 8 months,13,True
2020-06,BUKIT PANJANG,4 ROOM,550A,SEGAR RD,07 TO 09,92.0,Model A,2015,408000.0,94,8,94 years 8 months,13,True
2020-06,BUKIT PANJANG,4 ROOM,550A,SEGAR RD,16 TO 18,92.0,Model A,2015,445000.0,94,8,94 years 8 months,13,True
2020-06,HOUGANG,4 ROOM,970,HOUGANG ST 91,04 TO 06,100.0,Model A,1999,360000.0,78,8,78 years 8 months,13,True
2020-06,BUKIT PANJANG,4 ROOM,550B,SEGAR RD,07 TO 09,92.0,Model A,2015,435000.0,94,8,94 years 8 months,13,True
2020-06,BUKIT PANJANG,4 ROOM,624,SENJA RD,13 TO 15,90.0,Model A,2001,390000.0,80,8,80 years 8 months,13,True
2020-06,BUKIT PANJANG,4 ROOM,633C,SENJA RD,10 TO 12,93.0,Model A,2013,448000.0,92,8,92 years 8 months,13,True
2020-06,BUKIT PANJANG,4 ROOM,633C,SENJA RD,28 TO 30,93.0,Model A,2013,485000.0,92,8,92 years 8 months,13,True
2020-06,BUKIT PANJANG,4 ROOM,636B,SENJA RD,22 TO 24,92.0,Model A,2015,470000.0,94,8,94 years 8 months,13,True
2020-06,BUKIT PANJANG,4 ROOM,636C,SENJA RD,22 TO 24,92.0,Model A,2015,452800.0,94,8,94 years 8 months,13,True
2020-06,BUKIT PANJANG,5 ROOM,177,LOMPANG RD,13 TO 15,110.0,Improved,2001,640000.0,80,8,80 years 8 months,13,True
2020-06,BUKIT PANJANG,5 ROOM,436,FAJAR RD,01 TO 03,121.0,Improved,1989,358000.0,68,8,68 years 8 months,13,True
2020-06,BUKIT PANJANG,5 ROOM,442D,FAJAR RD,01 TO 03,113.0,Improved,2016,510000.0,95,8,95 years 8 months,13,True
2020-06,BUKIT PANJANG,5 ROOM,549B,SEGAR RD,01 TO 03,113.0,Improved,2015,430000.0,94,8,94 years 8 months,13,True
2020-06,BUKIT PANJANG,5 ROOM,550B,SEGAR RD,10 TO 12,113.0,Improved,2015,530000.0,94,8,94 years 8 months,13,True
2020-06,BUKIT PANJANG,5 ROOM,622,SENJA RD,10 TO 12,110.0,Improved,2001,439998.0,80,8,80 years 8 months,13,True
2020-06,BUKIT MERAH,4 ROOM,11,CANTONMENT CL,10 TO 12,90.0,Model A,2002,735000.0,81,8,81 years 8 months,13,True
2020-06,BUKIT PANJANG,3 ROOM,443A,FAJAR RD,01 TO 03,68.0,Model A,2016,311000.0,95,8,95 years 8 months,13,True
2020-06,BUKIT PANJANG,3 ROOM,454,FAJAR RD,13 TO 15,68.0,Model A,2015,328000.0,94,8,94 years 8 months,13,True
2020-06,JURONG WEST,4 ROOM,724,JURONG WEST ST 72,07 TO 09,104.0,Model A,1990,320000.0,69,8,69 years 8 months,13,True
2020-06,JURONG WEST,5 ROOM,274D,JURONG WEST AVE 3,13 TO 15,111.0,Improved,2001,396000.0,80,8,80 years 8 months,13,True
2020-06,JURONG WEST,5 ROOM,825,JURONG WEST ST 81,01 TO 03,127.0,Improved,1993,350000.0,72,8,72 years 8 months,13,True
2020-06,JURONG WEST,EXECUTIVE,274A,JURONG WEST AVE 3,04 TO 06,126.0,Apartment,2001,430000.0,80,8,80 years 8 months,13,True
2020-06,BUKIT PANJANG,5 ROOM,623,SENJA RD,16 TO 18,110.0,Improved,2001,460000.0,80,8,80 years 8 months,13,True
2020-06,CHOA CHU KANG,4 ROOM,144,TECK WHYE LANE,07 TO 09,103.0,Model A,1988,338000.0,67,8,67 years 8 months,13,True
2020-06,CHOA CHU KANG,4 ROOM,673A,CHOA CHU KANG CRES,10 TO 12,103.0,Premium Apartment,1999,365588.0,78,8,78 years 8 months,13,True
2020-06,CLEMENTI,3 ROOM,433,CLEMENTI AVE 3,07 TO 09,67.0,New Generation,1978,313000.0,57,8,57 years 8 months,13,True
2020-06,CLEMENTI,3 ROOM,434,CLEMENTI AVE 3,04 TO 06,82.0,New Generation,1978,375000.0,57,8,57 years 8 months,13,True
2020-06,CLEMENTI,3 ROOM,711,CLEMENTI WEST ST 2,07 TO 09,67.0,New Generation,1980,260000.0,59,8,59 years 8 months,13,True
2020-06,CLEMENTI,4 ROOM,311C,CLEMENTI AVE 4,31 TO 33,82.0,DBSS,2014,760000.0,93,8,93 years 8 months,13,True
2020-06,CLEMENTI,4 ROOM,339,CLEMENTI AVE 5,10 TO 12,92.0,New Generation,1979,480000.0,58,8,58 years 8 months,13,True
2020-06,GEYLANG,4 ROOM,2C,GEYLANG SERAI,07 TO 09,95.0,Model A,2011,660000.0,90,8,90 years 8 months,13,True
2020-06,GEYLANG,4 ROOM,3A,GEYLANG SERAI,13 TO 15,93.0,Model A,2011,690000.0,90,8,90 years 8 months,13,True
2020-06,HOUGANG,3 ROOM,528,HOUGANG AVE 6,01 TO 03,74.0,Model A,1987,280000.0,66,8,66 years 8 months,13,True
2020-06,HOUGANG,3 ROOM,665,HOUGANG AVE 4,10 TO 12,74.0,Model A,1988,290000.0,67,8,67 years 8 months,13,True
2020-06,HOUGANG,5 ROOM,409,HOUGANG AVE 10,07 TO 09,121.0,Improved,1985,530000.0,64,8,64 years 8 months,13,True
2020-06,JURONG EAST,3 ROOM,208,JURONG EAST ST 21,07 TO 09,67.0,New Generation,1982,265000.0,61,8,61 years 8 months,13,True
2020-06,JURONG EAST,3 ROOM,259,JURONG EAST ST 24,04 TO 06,83.0,New Generation,1982,290000.0,61,8,61 years 8 months,13,True
2020-06,JURONG EAST,4 ROOM,208,JURONG EAST ST 21,07 TO 09,95.0,New Generation,1982,405000.0,61,8,61 years 8 months,13,True
2020-06,JURONG EAST,5 ROOM,281,TOH GUAN RD,16 TO 18,121.0,Improved,1998,650000.0,77,8,77 years 8 months,13,True
2020-06,JURONG WEST,4 ROOM,273A,JURONG WEST AVE 3,07 TO 09,90.0,Model A,2001,320000.0,80,8,80 years 8 months,13,True
2019-11,WOODLANDS,5 ROOM,123,MARSILING RISE,04 TO 06,121.0,Improved,1985,340000.0,65,3,65 years 3 months,13,True
2020-02,HOUGANG,4 ROOM,156,HOUGANG ST 11,10 TO 12,98.0,New Generation,1984,400000.0,64,0,64 years 0 months,13,True
2020-05,ANG MO KIO,3 ROOM,650,ANG MO KIO ST 61,13 TO 15,67.0,Model A,2015,450000.0,94,9,94 years 9 months,13,True
2020-05,BUKIT MERAH,5 ROOM,76A,REDHILL RD,28 TO 30,115.0,Improved,2005,885000.0,84,9,84 years 9 months,13,True
2020-05,WOODLANDS,5 ROOM,712,WOODLANDS DR 70,04 TO 06,119.0,Improved,1996,395000.0,75,9,75 years 9 months,13,True
2020-06,ANG MO KIO,3 ROOM,650,ANG MO KIO ST 61,10 TO 12,67.0,Model A,2015,448000.0,94,8,94 years 8 months,13,True
2019-07,TAMPINES,EXECUTIVE,311,TAMPINES ST 33,04 TO 06,143.0,Apartment,1993,642000.0,73,7,73 years 7 months,13,True
2019-07,TOA PAYOH,2 ROOM,120,LOR 2 TOA PAYOH,07 TO 09,40.0,Standard,1968,190000.0,48,7,48 years 7 months,13,True
2020-06,JURONG WEST,4 ROOM,674B,JURONG WEST ST 65,10 TO 12,91.0,Model A,2002,362500.0,81,8,81 years 8 months,13,True
2020-06,JURONG WEST,4 ROOM,722,JURONG WEST AVE 5,04 TO 06,104.0,Model A,1990,340000.0,69,8,69 years 8 months,13,True
2020-06,SENGKANG,4 ROOM,272A,SENGKANG CTRL,10 TO 12,90.0,Premium Apartment,2009,535000.0,88,8,88 years 8 months,13,True
2020-06,SENGKANG,4 ROOM,334C,ANCHORVALE CRES,07 TO 09,92.0,Premium Apartment,2015,463000.0,94,8,94 years 8 months,13,True
2020-06,JURONG WEST,EXECUTIVE,702,JURONG WEST ST 71,07 TO 09,149.0,Apartment,1993,545000.0,72,8,72 years 8 months,13,True
2020-06,KALLANG/WHAMPOA,4 ROOM,4B,ST. GEORGE'S LANE,01 TO 03,106.0,Model A,1996,525000.0,75,8,75 years 8 months,13,True
2020-06,KALLANG/WHAMPOA,4 ROOM,59B,GEYLANG BAHRU,10 TO 12,100.0,Model A,1998,620888.0,77,8,77 years 8 months,13,True
2020-06,KALLANG/WHAMPOA,4 ROOM,59C,GEYLANG BAHRU,04 TO 06,100.0,Model A,1998,555000.0,77,8,77 years 8 months,13,True
2020-06,KALLANG/WHAMPOA,5 ROOM,102,JLN DUSUN,19 TO 21,118.0,Improved,1981,555000.0,60,8,60 years 8 months,13,True
2020-06,PASIR RIS,4 ROOM,484,PASIR RIS DR 4,10 TO 12,104.0,Model A,1992,388000.0,71,8,71 years 8 months,13,True
2020-06,PASIR RIS,5 ROOM,461,PASIR RIS DR 4,01 TO 03,122.0,Improved,1992,465000.0,71,8,71 years 8 months,13,True
2020-06,PASIR RIS,5 ROOM,518,PASIR RIS ST 52,01 TO 03,133.0,Model A,1993,512500.0,72,8,72 years 8 months,13,True
2020-06,PASIR RIS,EXECUTIVE,459,PASIR RIS DR 4,07 TO 09,144.0,Apartment,1992,645000.0,71,8,71 years 8 months,13,True
2020-06,PUNGGOL,2 ROOM,672C,EDGEFIELD PLAINS,10 TO 12,44.0,Model A,2015,250000.0,94,8,94 years 8 months,13,True
2020-06,PUNGGOL,3 ROOM,209B,PUNGGOL PL,13 TO 15,67.0,Model A,2014,357000.0,93,8,93 years 8 months,13,True
2020-06,PUNGGOL,3 ROOM,672A,EDGEFIELD PLAINS,10 TO 12,65.0,Model A,2015,356888.0,94,8,94 years 8 months,13,True
2020-06,PUNGGOL,4 ROOM,173B,PUNGGOL FIELD,04 TO 06,90.0,Model A,2003,363000.0,82,8,82 years 8 months,13,True
2020-06,PUNGGOL,4 ROOM,209B,PUNGGOL PL,01 TO 03,92.0,Model A,2014,413000.0,93,8,93 years 8 months,13,True
2020-06,PUNGGOL,4 ROOM,671A,EDGEFIELD PLAINS,10 TO 12,90.0,Model A,2015,445000.0,94,8,94 years 8 months,13,True
2020-06,PUNGGOL,5 ROOM,138,EDGEDALE PLAINS,07 TO 09,111.0,Premium Apartment,2003,378000.0,82,8,82 years 8 months,13,True
2020-06,QUEENSTOWN,4 ROOM,48,STRATHMORE AVE,07 TO 09,90.0,Model A,2006,700000.0,85,8,85 years 8 months,13,True
2020-06,QUEENSTOWN,4 ROOM,48,STRATHMORE AVE,13 TO 15,90.0,Model A,2006,755000.0,85,8,85 years 8 months,13,True
2020-06,QUEENSTOWN,4 ROOM,48,STRATHMORE AVE,22 TO 24,85.0,Model A,2006,665000.0,85,8,85 years 8 months,13,True
2020-06,SEMBAWANG,5 ROOM,589B,MONTREAL DR,07 TO 09,110.0,Improved,2002,396000.0,81,8,81 years 8 months,13,True
2020-06,SENGKANG,3 ROOM,336A,ANCHORVALE CRES,13 TO 15,67.0,Premium Apartment,2015,365000.0,94,8,94 years 8 months,13,True
2019-07,JURONG WEST,3 ROOM,175,BOON LAY DR,04 TO 06,59.0,Improved,1978,218000.0,58,7,58 years 7 months,13,True
2019-07,YISHUN,3 ROOM,862,YISHUN AVE 4,01 TO 03,74.0,Model A,1988,235000.0,68,7,68 years 7 months,13,True
2019-07,YISHUN,4 ROOM,237,YISHUN RING RD,04 TO 06,93.0,New Generation,1985,340000.0,65,7,65 years 7 months,13,True
2019-07,PUNGGOL,3 ROOM,208B,PUNGGOL PL,04 TO 06,67.0,Model A,2014,332000.0,94,7,94 years 7 months,13,True
2019-07,SEMBAWANG,4 ROOM,331,SEMBAWANG CL,10 TO 12,101.0,Model A,1999,330000.0,79,7,79 years 7 months,13,True
2020-06,SENGKANG,4 ROOM,150,RIVERVALE CRES,04 TO 06,90.0,Model A,2005,370000.0,84,8,84 years 8 months,13,True
2020-06,SENGKANG,4 ROOM,156,RIVERVALE CRES,16 TO 18,91.0,Model A,2005,375000.0,84,8,84 years 8 months,13,True
2020-06,SENGKANG,4 ROOM,204A,COMPASSVALE DR,01 TO 03,90.0,Model A,2000,355000.0,79,8,79 years 8 months,13,True
2020-06,SENGKANG,4 ROOM,257A,COMPASSVALE RD,01 TO 03,90.0,Model A,2000,388000.0,79,8,79 years 8 months,13,True
2020-06,WOODLANDS,5 ROOM,792,WOODLANDS AVE 6,01 TO 03,121.0,Improved,1997,410000.0,76,8,76 years 8 months,13,True
2020-06,SENGKANG,4 ROOM,336C,ANCHORVALE CRES,16 TO 18,92.0,Premium Apartment,2015,500000.0,94,8,94 years 8 months,13,True
2020-06,SENGKANG,4 ROOM,406B,FERNVALE RD,10 TO 12,90.0,Premium Apartment,2004,371000.0,83,8,83 years 8 months,13,True
2020-06,SENGKANG,4 ROOM,406C,FERNVALE RD,19 TO 21,91.0,Premium Apartment,2004,400000.0,83,8,83 years 8 months,13,True
2020-06,SENGKANG,4 ROOM,409B,FERNVALE RD,22 TO 24,95.0,Premium Apartment,2004,380000.0,83,8,83 years 8 months,13,True
2020-06,SENGKANG,5 ROOM,203A,COMPASSVALE RD,01 TO 03,110.0,Improved,2000,425000.0,79,8,79 years 8 months,13,True
2020-06,SENGKANG,5 ROOM,335B,ANCHORVALE CRES,10 TO 12,112.0,Premium Apartment,2015,588888.0,94,8,94 years 8 months,13,True
2020-06,SENGKANG,EXECUTIVE,225C,COMPASSVALE WALK,10 TO 12,141.0,Apartment,1999,610000.0,78,8,78 years 8 months,13,True
2020-06,SERANGOON,3 ROOM,221,SERANGOON AVE 4,01 TO 03,72.0,New Generation,1984,283000.0,63,8,63 years 8 months,13,True
2020-06,SERANGOON,3 ROOM,303,SERANGOON AVE 2,10 TO 12,60.0,Improved,1984,316000.0,63,8,63 years 8 months,13,True
2020-06,SERANGOON,4 ROOM,426,SERANGOON AVE 1,07 TO 09,103.0,Model A,1988,638000.0,67,8,67 years 8 months,13,True
2020-06,TAMPINES,3 ROOM,417,TAMPINES ST 41,01 TO 03,69.0,Improved,1985,312000.0,64,8,64 years 8 months,13,True
2020-06,TAMPINES,3 ROOM,930,TAMPINES ST 91,10 TO 12,73.0,Model A,1984,330000.0,63,8,63 years 8 months,13,True
2020-06,TAMPINES,4 ROOM,234,TAMPINES ST 21,04 TO 06,105.0,Model A,1984,450000.0,63,8,63 years 8 months,13,True
2020-06,TAMPINES,4 ROOM,341,TAMPINES ST 33,10 TO 12,107.0,Model A,1995,400000.0,74,8,74 years 8 months,13,True
2020-06,TAMPINES,4 ROOM,419,TAMPINES ST 41,10 TO 12,89.0,Simplified,1985,406888.0,64,8,64 years 8 months,13,True
2020-09,PASIR RIS,5 ROOM,565,PASIR RIS ST 51,04 TO 06,123.0,Improved,1992,500000.0,71,5,71 years 5 months,13,True
2020-06,TAMPINES,4 ROOM,456,TAMPINES ST 42,04 TO 06,84.0,Simplified,1987,371000.0,66,8,66 years 8 months,13,True
2020-06,TAMPINES,5 ROOM,456,TAMPINES ST 42,04 TO 06,122.0,Improved,1987,509000.0,66,8,66 years 8 months,13,True
2020-06,TAMPINES,5 ROOM,515B,TAMPINES CTRL 7,13 TO 15,108.0,DBSS,2008,730000.0,87,8,87 years 8 months,13,True
2020-06,TAMPINES,5 ROOM,515C,TAMPINES CTRL 7,13 TO 15,108.0,DBSS,2008,728000.0,87,8,87 years 8 months,13,True
2020-06,TAMPINES,5 ROOM,873,TAMPINES ST 84,10 TO 12,121.0,Improved,1988,535000.0,67,8,67 years 8 months,13,True
2020-06,TAMPINES,5 ROOM,898A,TAMPINES ST 81,04 TO 06,127.0,Improved,1988,540000.0,67,8,67 years 8 months,13,True
2020-06,WOODLANDS,3 ROOM,17,MARSILING LANE,07 TO 09,75.0,Improved,1984,222000.0,63,8,63 years 8 months,13,True
2020-06,WOODLANDS,4 ROOM,34,MARSILING DR,04 TO 06,98.0,New Generation,1978,260000.0,57,8,57 years 8 months,13,True
2019-07,PASIR RIS,EXECUTIVE,471,PASIR RIS DR 6,01 TO 03,147.0,Maisonette,1989,640000.0,69,7,69 years 7 months,13,True
2019-07,ANG MO KIO,4 ROOM,634,ANG MO KIO AVE 6,07 TO 09,91.0,New Generation,1980,450800.0,60,7,60 years 7 months,13,True
2020-06,WOODLANDS,4 ROOM,554,WOODLANDS DR 53,01 TO 03,90.0,Model A2,1999,310000.0,78,8,78 years 8 months,13,True
2020-06,WOODLANDS,4 ROOM,757,WOODLANDS AVE 4,07 TO 09,103.0,Model A,1997,335000.0,76,8,76 years 8 months,13,True
2020-06,WOODLANDS,5 ROOM,318,WOODLANDS ST 31,01 TO 03,130.0,Improved,1993,385000.0,72,8,72 years 8 months,13,True
2020-06,WOODLANDS,5 ROOM,556,WOODLANDS DR 53,01 TO 03,115.0,Improved,1999,375000.0,78,8,78 years 8 months,13,True
2020-06,WOODLANDS,5 ROOM,685C,WOODLANDS DR 73,10 TO 12,114.0,Premium Apartment,2002,430000.0,81,8,81 years 8 months,13,True
2021-02,TAMPINES,3 ROOM,204,TAMPINES ST 21,07 TO 09,60.0,Improved,1983,305000.0,62,0,62 years 0 months,13,True
2020-06,YISHUN,3 ROOM,429A,YISHUN AVE 11,07 TO 09,67.0,Model A,2015,315000.0,94,8,94 years 8 months,13,True
2020-06,YISHUN,4 ROOM,166,YISHUN RING RD,07 TO 09,83.0,Simplified,1987,290000.0,66,8,66 years 8 months,13,True
2020-06,YISHUN,4 ROOM,335B,YISHUN ST 31,04 TO 06,92.0,Model A,2015,408000.0,94,8,94 years 8 months,13,True
2020-06,YISHUN,4 ROOM,403,YISHUN AVE 6,04 TO 06,84.0,Simplified,1988,280000.0,67,8,67 years 8 months,13,True
2020-06,YISHUN,4 ROOM,424D,YISHUN AVE 11,04 TO 06,92.0,Model A,2015,365000.0,94,8,94 years 8 months,13,True
2020-06,YISHUN,4 ROOM,429B,YISHUN AVE 11,07 TO 09,92.0,Model A,2015,400000.0,94,8,94 years 8 months,13,True
2020-06,YISHUN,4 ROOM,430A,YISHUN AVE 11,10 TO 12,92.0,Model A,2015,408000.0,94,8,94 years 8 months,13,True
2020-06,YISHUN,4 ROOM,430B,YISHUN AVE 11,04 TO 06,92.0,Model A,2015,372000.0,94,8,94 years 8 months,13,True
2019-07,BUKIT BATOK,EXECUTIVE,223,BT BATOK EAST AVE 3,04 TO 06,149.0,Maisonette,1985,540000.0,65,7,65 years 7 months,13,True
2019-06,JURONG WEST,4 ROOM,843,JURONG WEST ST 81,07 TO 09,106.0,Model A,1993,320000.0,73,8,73 years 8 months,13,True
2019-06,JURONG WEST,5 ROOM,652B,JURONG WEST ST 61,07 TO 09,110.0,Improved,2002,460000.0,82,8,82 years 8 months,13,True
2020-06,YISHUN,4 ROOM,788,YISHUN AVE 2,01 TO 03,84.0,Simplified,1987,290000.0,66,8,66 years 8 months,13,True
2020-06,YISHUN,5 ROOM,298,YISHUN ST 20,04 TO 06,111.0,Improved,2000,410000.0,79,8,79 years 8 months,13,True
2020-06,YISHUN,EXECUTIVE,611,YISHUN ST 61,01 TO 03,142.0,Apartment,1987,550000.0,66,8,66 years 8 months,13,True
2020-07,JURONG EAST,4 ROOM,285B,TOH GUAN RD,04 TO 06,103.0,Model A,1998,450000.0,77,7,77 years 7 months,13,True
2021-06,BUKIT PANJANG,4 ROOM,550B,SEGAR RD,01 TO 03,92.0,Model A,2015,422888.0,93,8,93 years 8 months,13,True
2020-09,YISHUN,4 ROOM,430A,YISHUN AVE 11,10 TO 12,92.0,Model A,2015,420000.0,94,5,94 years 5 months,13,True
2020-10,HOUGANG,4 ROOM,675,HOUGANG AVE 8,04 TO 06,104.0,Model A,1986,380000.0,65,4,65 years 4 months,13,True
2020-11,TAMPINES,4 ROOM,832,TAMPINES ST 82,04 TO 06,84.0,Simplified,1984,360000.0,63,3,63 years 3 months,13,True
2020-12,BUKIT PANJANG,3 ROOM,485,SEGAR RD,10 TO 12,67.0,Model A,2014,325000.0,93,2,93 years 2 months,13,True
2020-12,CHOA CHU KANG,4 ROOM,251,CHOA CHU KANG AVE 2,01 TO 03,104.0,Model A,1994,345000.0,73,2,73 years 2 months,13,True
2020-12,TAMPINES,5 ROOM,515D,TAMPINES CTRL 7,10 TO 12,110.0,DBSS,2008,740000.0,87,2,87 years 2 months,13,True
2020-12,WOODLANDS,4 ROOM,753,WOODLANDS CIRCLE,10 TO 12,102.0,Model A,1997,380000.0,76,2,76 years 2 months,13,True
2021-01,BUKIT PANJANG,3 ROOM,485,SEGAR RD,07 TO 09,67.0,Model A,2014,324000.0,93,1,93 years 1 months,13,True
2021-01,BUKIT PANJANG,4 ROOM,443A,FAJAR RD,13 TO 15,93.0,Model A,2016,485000.0,95,1,95 years 1 months,13,True
2021-01,BUKIT PANJANG,4 ROOM,443C,FAJAR RD,04 TO 06,93.0,Model A,2016,445000.0,95,1,95 years 1 months,13,True
2021-01,PUNGGOL,4 ROOM,671A,EDGEFIELD PLAINS,01 TO 03,90.0,Model A,2015,405000.0,94,1,94 years 1 months,13,True
2021-01,SENGKANG,5 ROOM,155,RIVERVALE CRES,10 TO 12,110.0,Improved,2005,448000.0,84,1,84 years 1 months,13,True
2021-01,YISHUN,4 ROOM,228,YISHUN ST 21,04 TO 06,91.0,New Generation,1985,348000.0,64,1,64 years 1 months,13,True
2021-02,PASIR RIS,5 ROOM,487,PASIR RIS DR 4,01 TO 03,137.0,Model A,1992,550000.0,71,0,71 years 0 months,13,True
2021-02,PUNGGOL,4 ROOM,615A,EDGEFIELD PLAINS,13 TO 15,92.0,Model A,2012,462888.0,91,0,91 years 0 months,13,True
2021-02,TAMPINES,5 ROOM,342,TAMPINES ST 33,07 TO 09,124.0,Improved,1995,480000.0,74,0,74 years 0 months,13,True
2021-03,CLEMENTI,4 ROOM,311C,CLEMENTI AVE 4,31 TO 33,80.0,DBSS,2014,745000.0,92,11,92 years 11 months,13,True
2021-03,GEYLANG,4 ROOM,330,UBI AVE 1,10 TO 12,84.0,Simplified,1985,360000.0,63,11,63 years 11 months,13,True
2021-03,JURONG WEST,EXECUTIVE,702,JURONG WEST ST 71,07 TO 09,144.0,Apartment,1993,578000.0,71,11,71 years 11 months,13,True
2021-03,SENGKANG,3 ROOM,334A,ANCHORVALE CRES,10 TO 12,67.0,Premium Apartment,2015,375000.0,93,11,93 years 11 months,13,True
2021-03,TAMPINES,5 ROOM,515B,TAMPINES CTRL 7,16 TO 18,113.0,DBSS,2008,825000.0,86,11,86 years 11 months,13,True
2021-03,TAMPINES,5 ROOM,515C,TAMPINES CTRL 7,10 TO 12,108.0,DBSS,2008,730000.0,86,11,86 years 11 months,13,True
2021-03,TAMPINES,5 ROOM,518C,TAMPINES CTRL 7,04 TO 06,109.0,DBSS,2008,718000.0,86,11,86 years 11 months,13,True
2021-04,BEDOK,4 ROOM,185,BEDOK NTH RD,10 TO 12,92.0,Model A,2005,620000.0,83,10,83 years 10 months,13,True
2019-05,SEMBAWANG,5 ROOM,483,ADMIRALTY LINK,07 TO 09,111.0,Improved,2004,325000.0,84,9,84 years 9 months,13,True
2019-06,ANG MO KIO,3 ROOM,507,ANG MO KIO AVE 8,07 TO 09,67.0,New Generation,1980,295000.0,60,8,60 years 8 months,13,True
2019-06,BISHAN,MULTI-GENERATION,137,BISHAN ST 12,07 TO 09,147.0,MULTI GENERATION,1987,840000.0,67,8,67 years 8 months,13,True
2021-04,BEDOK,4 ROOM,767,BEDOK RESERVOIR VIEW,04 TO 06,105.0,Premium Apartment,2000,512000.0,78,10,78 years 10 months,13,True
2021-04,BUKIT PANJANG,3 ROOM,105,GANGSA RD,01 TO 03,64.0,Simplified,1987,290000.0,65,10,65 years 10 months,13,True
2021-04,CLEMENTI,4 ROOM,311B,CLEMENTI AVE 4,10 TO 12,81.0,DBSS,2014,743000.0,92,10,92 years 10 months,13,True
2021-05,PUNGGOL,4 ROOM,614A,EDGEFIELD PLAINS,07 TO 09,92.0,Model A,2012,450000.0,90,9,90 years 9 months,13,True
2021-06,TAMPINES,4 ROOM,853,TAMPINES ST 83,01 TO 03,105.0,Model A,1987,424000.0,65,8,65 years 8 months,13,True
2021-06,TAMPINES,5 ROOM,518C,TAMPINES CTRL 7,04 TO 06,107.0,DBSS,2008,722000.0,86,8,86 years 8 months,13,True
2021-07,BEDOK,4 ROOM,765,BEDOK RESERVOIR VIEW,01 TO 03,105.0,Premium Apartment,2000,500000.0,78,7,78 years 7 months,13,True
2021-07,BUKIT PANJANG,2 ROOM,488,SEGAR RD,04 TO 06,47.0,Model A,2014,250000.0,92,7,92 years 7 months,13,True
2021-07,BUKIT PANJANG,4 ROOM,170,GANGSA RD,04 TO 06,101.0,Model A,1997,500000.0,75,7,75 years 7 months,13,True
2021-07,BUKIT PANJANG,5 ROOM,443D,FAJAR RD,01 TO 03,113.0,Improved,2016,540000.0,94,7,94 years 7 months,13,True
2021-07,CLEMENTI,4 ROOM,311C,CLEMENTI AVE 4,28 TO 30,80.0,DBSS,2014,755888.0,92,7,92 years 7 months,13,True
2021-07,PUNGGOL,2 ROOM,672C,EDGEFIELD PLAINS,01 TO 03,44.0,Model A,2015,255000.0,93,7,93 years 7 months,13,True
2021-07,PUNGGOL,4 ROOM,256D,SUMANG WALK,01 TO 03,93.0,Model A,2016,447000.0,94,7,94 years 7 months,13,True
2021-07,PUNGGOL,4 ROOM,671A,EDGEFIELD PLAINS,01 TO 03,90.0,Model A,2015,420000.0,93,7,93 years 7 months,13,True
2021-07,SENGKANG,4 ROOM,336D,ANCHORVALE CRES,07 TO 09,95.0,Premium Apartment,2015,530000.0,93,7,93 years 7 months,13,True
2021-07,TAMPINES,3 ROOM,438,TAMPINES ST 43,07 TO 09,74.0,Model A,1985,330000.0,63,7,63 years 7 months,13,True
2021-07,TAMPINES,5 ROOM,515D,TAMPINES CTRL 7,04 TO 06,110.0,DBSS,2008,710000.0,86,7,86 years 7 months,13,True
2021-07,YISHUN,4 ROOM,167,YISHUN RING RD,04 TO 06,84.0,Simplified,1987,338000.0,65,7,65 years 7 months,13,True
2021-08,BUKIT BATOK,4 ROOM,501,BT BATOK ST 52,07 TO 09,84.0,Simplified,1986,380000.0,64,6,64 years 6 months,13,True
2021-08,BUKIT BATOK,EXECUTIVE,289A,BT BATOK ST 25,13 TO 15,144.0,Apartment,1997,830000.0,75,6,75 years 6 months,13,True
2021-12,CLEMENTI,4 ROOM,311B,CLEMENTI AVE 4,22 TO 24,80.0,DBSS,2014,758000.0,92,2,92 years 2 months,13,True
2021-08,HOUGANG,3 ROOM,665,HOUGANG AVE 4,10 TO 12,74.0,Model A,1988,360000.0,66,6,66 years 6 months,13,True
2021-08,PASIR RIS,4 ROOM,405,PASIR RIS DR 6,10 TO 12,106.0,Model A,1989,475000.0,67,6,67 years 6 months,13,True
2021-08,PASIR RIS,5 ROOM,565,PASIR RIS ST 51,01 TO 03,123.0,Improved,1992,520000.0,70,6,70 years 6 months,13,True
2021-08,SENGKANG,4 ROOM,154,RIVERVALE CRES,04 TO 06,90.0,Model A,2005,360000.0,83,6,83 years 6 months,13,True
2021-08,TAMPINES,5 ROOM,515C,TAMPINES CTRL 7,04 TO 06,108.0,DBSS,2008,733000.0,86,6,86 years 6 months,13,True
2021-08,TOA PAYOH,5 ROOM,256,KIM KEAT AVE,01 TO 03,122.0,Improved,1988,580000.0,66,6,66 years 6 months,13,True
2021-08,YISHUN,4 ROOM,424D,YISHUN AVE 11,13 TO 15,92.0,Model A,2015,462000.0,93,6,93 years 6 months,13,True
2021-08,YISHUN,4 ROOM,429A,YISHUN AVE 11,04 TO 06,92.0,Model A,2015,430000.0,93,6,93 years 6 months,13,True
2021-08,YISHUN,4 ROOM,430A,YISHUN AVE 11,10 TO 12,92.0,Model A,2015,434888.0,93,6,93 years 6 months,13,True
2021-09,BEDOK,4 ROOM,185,BEDOK NTH RD,16 TO 18,92.0,Model A,2005,640000.0,83,5,83 years 5 months,13,True
2021-09,BISHAN,3 ROOM,105,BISHAN ST 12,04 TO 06,64.0,Simplified,1985,400000.0,63,5,63 years 5 months,13,True
2021-09,CLEMENTI,3 ROOM,109,CLEMENTI ST 11,01 TO 03,82.0,New Generation,1984,395000.0,62,5,62 years 5 months,13,True
2021-09,PUNGGOL,5 ROOM,173A,PUNGGOL FIELD,04 TO 06,110.0,Improved,2003,463888.0,81,5,81 years 5 months,13,True
2021-09,SENGKANG,4 ROOM,334B,ANCHORVALE CRES,04 TO 06,95.0,Premium Apartment,2015,485000.0,93,5,93 years 5 months,13,True
2021-09,SERANGOON,3 ROOM,219,SERANGOON AVE 4,04 TO 06,67.0,New Generation,1984,328000.0,62,5,62 years 5 months,13,True
2022-04,SERANGOON,4 ROOM,117,SERANGOON NTH AVE 1,10 TO 12,98.0,New Generation,1985,485000.0,62,10,62 years 10 months,13,True
2022-06,CHOA CHU KANG,EXECUTIVE,235,CHOA CHU KANG CTRL,01 TO 03,141.0,Apartment,1990,680000.0,67,8,67 years 8 months,13,True
2021-09,SERANGOON,3 ROOM,303,SERANGOON AVE 2,01 TO 03,60.0,Improved,1984,320000.0,62,5,62 years 5 months,13,True
2021-09,WOODLANDS,5 ROOM,401,WOODLANDS ST 41,04 TO 06,121.0,Improved,1995,492000.0,73,5,73 years 5 months,13,True
2021-09,YISHUN,3 ROOM,141,YISHUN RING RD,10 TO 12,71.0,New Generation,1984,310000.0,62,5,62 years 5 months,13,True
2021-10,BUKIT PANJANG,5 ROOM,443D,FAJAR RD,07 TO 09,113.0,Improved,2016,590000.0,94,4,94 years 4 months,13,True
2021-10,CLEMENTI,3 ROOM,311B,CLEMENTI AVE 4,34 TO 36,60.0,DBSS,2014,567000.0,92,4,92 years 4 months,13,True
2021-10,SENGKANG,4 ROOM,409A,FERNVALE RD,13 TO 15,95.0,Premium Apartment,2004,448000.0,82,4,82 years 4 months,13,True
2021-10,TAMPINES,3 ROOM,438,TAMPINES ST 43,01 TO 03,74.0,Model A,1985,335000.0,63,4,63 years 4 months,13,True
2021-10,TAMPINES,4 ROOM,730,TAMPINES ST 71,10 TO 12,100.0,Model A,1997,485000.0,75,4,75 years 4 months,13,True
2021-10,TAMPINES,5 ROOM,518C,TAMPINES CTRL 7,04 TO 06,108.0,DBSS,2008,750000.0,86,4,86 years 4 months,13,True
2021-11,BISHAN,4 ROOM,172,BISHAN ST 13,07 TO 09,103.0,Model A,1987,595000.0,65,3,65 years 3 months,13,True
2021-11,BUKIT PANJANG,4 ROOM,443A,FAJAR RD,04 TO 06,93.0,Model A,2016,460000.0,94,3,94 years 3 months,13,True
2021-11,BUKIT PANJANG,4 ROOM,443B,FAJAR RD,07 TO 09,93.0,Model A,2016,470000.0,94,3,94 years 3 months,13,True
2021-11,SENGKANG,4 ROOM,115,RIVERVALE WALK,04 TO 06,101.0,Model A,1998,441000.0,76,3,76 years 3 months,13,True
2021-11,TAMPINES,5 ROOM,518A,TAMPINES CTRL 7,01 TO 03,105.0,DBSS,2008,630000.0,86,3,86 years 3 months,13,True
2022-08,BUKIT PANJANG,4 ROOM,178,LOMPANG RD,13 TO 15,90.0,Model A,2001,520000.0,78,6,78 years 6 months,13,True
2022-08,HOUGANG,4 ROOM,665,HOUGANG AVE 4,01 TO 03,107.0,Model A,1988,468888.0,65,6,65 years 6 months,13,True
2022-08,JURONG WEST,5 ROOM,729,JURONG WEST AVE 5,04 TO 06,121.0,Improved,1989,480000.0,66,6,66 years 6 months,13,True
2022-08,PASIR RIS,4 ROOM,474,PASIR RIS DR 6,04 TO 06,114.0,Model A,1989,520000.0,66,6,66 years 6 months,13,True
2021-12,PASIR RIS,4 ROOM,474,PASIR RIS DR 6,04 TO 06,103.0,Model A,1989,462000.0,67,2,67 years 2 months,13,True
2021-12,PASIR RIS,5 ROOM,551,PASIR RIS ST 51,01 TO 03,123.0,Improved,1992,540000.0,70,2,70 years 2 months,13,True
2021-12,SENGKANG,5 ROOM,406C,FERNVALE RD,04 TO 06,110.0,Premium Apartment,2004,490000.0,82,2,82 years 2 months,13,True
2022-01,BUKIT BATOK,3 ROOM,132,BT BATOK WEST AVE 6,04 TO 06,67.0,New Generation,1985,322000.0,63,1,63 years 1 months,13,True
2022-01,PUNGGOL,2 ROOM,256C,SUMANG WALK,16 TO 18,47.0,Model A,2016,310000.0,94,1,94 years 1 months,13,True
2022-01,PUNGGOL,4 ROOM,613D,PUNGGOL DR,01 TO 03,93.0,Model A,2012,460000.0,90,1,90 years 1 months,13,True
2022-01,PUNGGOL,4 ROOM,671B,EDGEFIELD PLAINS,07 TO 09,90.0,Model A,2015,500000.0,93,1,93 years 1 months,13,True
2022-01,SENGKANG,5 ROOM,406C,FERNVALE RD,01 TO 03,110.0,Premium Apartment,2004,490000.0,82,1,82 years 1 months,13,True
2022-02,PASIR RIS,5 ROOM,514,PASIR RIS ST 52,04 TO 06,128.0,Improved,1993,610000.0,71,0,71 years 0 months,13,True
2022-03,GEYLANG,4 ROOM,126,GEYLANG EAST AVE 1,07 TO 09,108.0,Model A,1983,600000.0,60,11,60 years 11 months,13,True
2022-03,PUNGGOL,2 ROOM,672C,EDGEFIELD PLAINS,16 TO 18,44.0,Model A,2015,295000.0,92,11,92 years 11 months,13,True
2022-03,YISHUN,4 ROOM,430A,YISHUN AVE 11,01 TO 03,92.0,Model A,2015,460000.0,92,11,92 years 11 months,13,True
2022-09,SEMBAWANG,EXECUTIVE,351D,CANBERRA RD,10 TO 12,126.0,Apartment,2001,695000.0,78,5,78 years 5 months,13,True
2022-09,SERANGOON,4 ROOM,202,SERANGOON CTRL,04 TO 06,84.0,Simplified,1985,608000.0,62,5,62 years 5 months,13,True
2022-09,TAMPINES,5 ROOM,515C,TAMPINES CTRL 7,07 TO 09,108.0,DBSS,2008,852000.0,85,5,85 years 5 months,13,True
2022-09,TAMPINES,5 ROOM,518B,TAMPINES CTRL 7,10 TO 12,108.0,DBSS,2008,845888.0,85,5,85 years 5 months,13,True
2022-06,PASIR RIS,4 ROOM,484,PASIR RIS DR 4,04 TO 06,105.0,Model A,1992,498000.0,69,8,69 years 8 months,13,True
2022-06,PASIR RIS,EXECUTIVE,544,PASIR RIS ST 51,10 TO 12,144.0,Apartment,1992,860000.0,69,8,69 years 8 months,13,True
2022-06,WOODLANDS,4 ROOM,318,WOODLANDS ST 31,04 TO 06,112.0,Model A,1993,455000.0,70,8,70 years 8 months,13,True
2022-06,YISHUN,5 ROOM,306,YISHUN CTRL,04 TO 06,122.0,Improved,1987,548000.0,64,8,64 years 8 months,13,True
2022-07,BUKIT MERAH,3 ROOM,26A,JLN MEMBINA,10 TO 12,60.0,Model A,2008,600000.0,85,7,85 years 7 months,13,True
2022-07,GEYLANG,4 ROOM,2B,GEYLANG SERAI,16 TO 18,93.0,Model A,2011,738000.0,88,7,88 years 7 months,13,True
2022-07,PASIR RIS,5 ROOM,512,PASIR RIS ST 52,04 TO 06,129.0,Improved,1993,652888.0,70,7,70 years 7 months,13,True
2022-07,PUNGGOL,2 ROOM,222A,SUMANG LANE,07 TO 09,48.0,Model A,2018,324000.0,95,7,95 years 7 months,13,True
2022-07,PUNGGOL,4 ROOM,614A,EDGEFIELD PLAINS,04 TO 06,92.0,Model A,2012,505000.0,89,7,89 years 7 months,13,True
2022-07,PUNGGOL,4 ROOM,673A,EDGEFIELD PLAINS,16 TO 18,90.0,Model A,2015,555000.0,92,7,92 years 7 months,13,True
2022-07,PUNGGOL,5 ROOM,173C,PUNGGOL FIELD,10 TO 12,112.0,Improved,2003,528000.0,80,7,80 years 7 months,13,True
2022-08,BUKIT BATOK,4 ROOM,386,BT BATOK WEST AVE 5,19 TO 21,92.0,Model A,2004,545000.0,81,6,81 years 6 months,13,True
2022-11,BUKIT PANJANG,5 ROOM,443D,FAJAR RD,13 TO 15,113.0,Improved,2016,683000.0,93,3,93 years 3 months,13,True
2022-11,BUKIT PANJANG,EXECUTIVE,133,CASHEW RD,01 TO 03,146.0,Maisonette,1988,765000.0,65,3,65 years 3 months,13,True
2022-11,CLEMENTI,4 ROOM,311B,CLEMENTI AVE 4,19 TO 21,80.0,DBSS,2014,802000.0,91,3,91 years 3 months,13,True
2022-11,GEYLANG,4 ROOM,2B,GEYLANG SERAI,16 TO 18,95.0,Model A,2011,820000.0,88,3,88 years 3 months,13,True
2022-11,HOUGANG,4 ROOM,636,HOUGANG AVE 8,07 TO 09,84.0,Simplified,1987,440000.0,64,3,64 years 3 months,13,True
2022-08,SENGKANG,4 ROOM,185B,RIVERVALE CRES,07 TO 09,85.0,Model A2,2000,438000.0,77,6,77 years 6 months,13,True
2022-08,SENGKANG,4 ROOM,227A,COMPASSVALE DR,01 TO 03,102.0,Model A,1999,475000.0,76,6,76 years 6 months,13,True
2022-08,SERANGOON,3 ROOM,303,SERANGOON AVE 2,04 TO 06,69.0,Improved,1984,363000.0,61,6,61 years 6 months,13,True
2022-08,SERANGOON,4 ROOM,220,SERANGOON AVE 4,10 TO 12,93.0,New Generation,1984,530000.0,61,6,61 years 6 months,13,True
2022-08,TOA PAYOH,4 ROOM,249,KIM KEAT LINK,07 TO 09,104.0,Model A,1988,575000.0,65,6,65 years 6 months,13,True
2022-08,YISHUN,2 ROOM,424A,YISHUN AVE 11,04 TO 06,47.0,Model A,2015,290000.0,92,6,92 years 6 months,13,True
2022-08,YISHUN,4 ROOM,876,YISHUN ST 81,04 TO 06,83.0,Simplified,1987,420000.0,64,6,64 years 6 months,13,True
2022-09,HOUGANG,4 ROOM,630,HOUGANG AVE 8,01 TO 03,84.0,Simplified,1986,410000.0,63,5,63 years 5 months,13,True
2022-09,KALLANG/WHAMPOA,3 ROOM,10A,BENDEMEER RD,22 TO 24,68.0,Model A,2017,685000.0,94,5,94 years 5 months,13,True
2022-09,KALLANG/WHAMPOA,4 ROOM,105,TOWNER RD,16 TO 18,105.0,Model A,1984,740000.0,61,5,61 years 5 months,13,True
2022-09,PASIR RIS,EXECUTIVE,448,PASIR RIS DR 6,07 TO 09,154.0,Maisonette,1989,950000.0,66,5,66 years 5 months,13,True
2022-11,TAMPINES,EXECUTIVE,245,TAMPINES ST 21,04 TO 06,150.0,Maisonette,1984,970000.0,61,3,61 years 3 months,13,True
2022-11,WOODLANDS,4 ROOM,171,WOODLANDS ST 11,07 TO 09,93.0,New Generation,1985,433000.0,62,3,62 years 3 months,13,True
2022-11,WOODLANDS,4 ROOM,771,WOODLANDS DR 60,10 TO 12,101.0,Model A,1997,492000.0,74,3,74 years 3 months,13,True
2022-11,WOODLANDS,5 ROOM,757,WOODLANDS AVE 4,10 TO 12,122.0,Improved,1997,555000.0,74,3,74 years 3 months,13,True
2022-11,YISHUN,3 ROOM,424D,YISHUN AVE 11,01 TO 03,67.0,Model A,2015,360000.0,92,3,92 years 3 months,13,True
2022-10,BUKIT PANJANG,4 ROOM,442C,FAJAR RD,01 TO 03,93.0,Model A,2016,475000.0,93,4,93 years 4 months,13,True
2022-10,BUKIT PANJANG,4 ROOM,443A,FAJAR RD,07 TO 09,93.0,Model A,2016,515000.0,93,4,93 years 4 months,13,True
2022-10,JURONG WEST,4 ROOM,273A,JURONG WEST AVE 3,10 TO 12,90.0,Model A,2001,435000.0,78,4,78 years 4 months,13,True
2022-10,SENGKANG,3 ROOM,334A,ANCHORVALE CRES,04 TO 06,67.0,Premium Apartment,2015,410000.0,92,4,92 years 4 months,13,True
2022-11,BEDOK,5 ROOM,770,BEDOK RESERVOIR VIEW,13 TO 15,115.0,Premium Apartment,2000,662000.0,77,3,77 years 3 months,13,True
2022-11,BISHAN,3 ROOM,308,SHUNFU RD,01 TO 03,67.0,New Generation,1984,440000.0,61,3,61 years 3 months,13,True
2022-11,BUKIT BATOK,4 ROOM,164,BT BATOK ST 11,07 TO 09,104.0,Model A,1984,490000.0,61,3,61 years 3 months,13,True
2022-11,BUKIT PANJANG,2 ROOM,633D,SENJA RD,16 TO 18,47.0,Model A,2013,308000.0,90,3,90 years 3 months,13,True
2022-11,BUKIT PANJANG,3 ROOM,548A,SEGAR RD,04 TO 06,67.0,Model A,2015,390000.0,92,3,92 years 3 months,13,True
2022-11,BUKIT PANJANG,5 ROOM,179,LOMPANG RD,01 TO 03,110.0,Improved,2001,580000.0,78,3,78 years 3 months,13,True
2022-11,BUKIT PANJANG,5 ROOM,413,SAUJANA RD,01 TO 03,122.0,Improved,1988,560000.0,65,3,65 years 3 months,13,True
2022-12,JURONG WEST,4 ROOM,930,JURONG WEST ST 92,01 TO 03,108.0,Model A,1988,450000.0,65,2,65 years 2 months,13,True
2022-12,JURONG WEST,5 ROOM,351,CORPORATION DR,01 TO 03,120.0,Improved,1997,570000.0,74,2,74 years 2 months,13,True
2022-12,KALLANG/WHAMPOA,4 ROOM,113B,MCNAIR RD,22 TO 24,93.0,Premium Apartment,2017,948000.0,94,2,94 years 2 months,13,True
2022-12,PASIR RIS,5 ROOM,517,PASIR RIS ST 52,07 TO 09,127.0,Improved,1993,685000.0,70,2,70 years 2 months,13,True
2022-12,PASIR RIS,5 ROOM,519,PASIR RIS ST 52,10 TO 12,128.0,Improved,1993,700000.0,70,2,70 years 2 months,13,True
2022-11,JURONG WEST,5 ROOM,620,JURONG WEST ST 65,13 TO 15,110.0,Improved,2000,530000.0,77,3,77 years 3 months,13,True
2022-11,KALLANG/WHAMPOA,4 ROOM,113A,MCNAIR RD,22 TO 24,93.0,Premium Apartment,2017,943000.0,94,3,94 years 3 months,13,True
2022-11,PUNGGOL,3 ROOM,210B,PUNGGOL PL,13 TO 15,67.0,Model A,2014,440800.0,91,3,91 years 3 months,13,True
2022-11,PUNGGOL,4 ROOM,632B,PUNGGOL DR,10 TO 12,91.0,Premium Apartment,2007,535000.0,84,3,84 years 3 months,13,True
2022-11,PUNGGOL,4 ROOM,633B,PUNGGOL DR,07 TO 09,90.0,Premium Apartment,2007,548888.0,84,3,84 years 3 months,13,True
2022-11,SEMBAWANG,4 ROOM,507A,WELLINGTON CIRCLE,04 TO 06,90.0,Model A,2001,438000.0,78,3,78 years 3 months,13,True
2022-11,SENGKANG,5 ROOM,290C,COMPASSVALE CRES,10 TO 12,110.0,Improved,2001,568000.0,78,3,78 years 3 months,13,True
2022-11,SERANGOON,3 ROOM,237,SERANGOON AVE 3,07 TO 09,64.0,Simplified,1985,452000.0,62,3,62 years 3 months,13,True
2022-11,TAMPINES,4 ROOM,853,TAMPINES ST 83,07 TO 09,108.0,Model A,1987,563000.0,64,3,64 years 3 months,13,True
2022-11,TAMPINES,5 ROOM,518B,TAMPINES CTRL 7,10 TO 12,108.0,DBSS,2008,880000.0,85,3,85 years 3 months,13,True
2022-11,TAMPINES,5 ROOM,518B,TAMPINES CTRL 7,16 TO 18,107.0,DBSS,2008,898000.0,85,3,85 years 3 months,13,True
2022-12,TAMPINES,5 ROOM,518C,TAMPINES CTRL 7,10 TO 12,113.0,DBSS,2008,885000.0,85,2,85 years 2 months,13,True
2022-12,TAMPINES,EXECUTIVE,329,TAMPINES ST 32,04 TO 06,146.0,Maisonette,1995,830000.0,72,2,72 years 2 months,13,True
2022-12,WOODLANDS,4 ROOM,754,WOODLANDS CIRCLE,04 TO 06,101.0,Model A,1997,460000.0,74,2,74 years 2 months,13,True
2022-12,WOODLANDS,4 ROOM,778,WOODLANDS DR 60,07 TO 09,101.0,Model A,1997,450000.0,74,2,74 years 2 months,13,True
2022-12,WOODLANDS,5 ROOM,123,MARSILING RISE,10 TO 12,121.0,Improved,1985,516000.0,62,2,62 years 2 months,13,True
2022-12,BUKIT BATOK,3 ROOM,164,BT BATOK ST 11,10 TO 12,73.0,Model A,1984,377000.0,61,2,61 years 2 months,13,True
2022-12,BUKIT BATOK,5 ROOM,289C,BT BATOK ST 25,07 TO 09,121.0,Improved,1997,700000.0,74,2,74 years 2 months,13,True
2022-12,BUKIT MERAH,4 ROOM,19,CANTONMENT CL,22 TO 24,90.0,Model A,2002,896000.0,79,2,79 years 2 months,13,True
2022-12,BUKIT PANJANG,4 ROOM,609,BT PANJANG RING RD,04 TO 06,90.0,Model A,2001,475000.0,78,2,78 years 2 months,13,True
2022-12,BUKIT PANJANG,4 ROOM,633C,SENJA RD,04 TO 06,93.0,Model A,2013,525000.0,90,2,90 years 2 months,13,True
2022-12,BUKIT PANJANG,EXECUTIVE,607,SENJA RD,19 TO 21,132.0,Apartment,2001,820000.0,78,2,78 years 2 months,13,True
2022-12,CHOA CHU KANG,4 ROOM,790,CHOA CHU KANG NTH 6,04 TO 06,111.0,Model A,1996,523000.0,73,2,73 years 2 months,13,True
2022-12,HOUGANG,4 ROOM,161,HOUGANG ST 11,07 TO 09,103.0,Model A,1997,598000.0,74,2,74 years 2 months,13,True
2022-12,HOUGANG,5 ROOM,156,HOUGANG ST 11,07 TO 09,126.0,Improved,1984,660000.0,61,2,61 years 2 months,13,True
2022-12,JURONG WEST,3 ROOM,417,JURONG WEST ST 42,07 TO 09,64.0,Simplified,1985,343000.0,62,2,62 years 2 months,13,True
2022-12,JURONG WEST,4 ROOM,619,JURONG WEST ST 65,07 TO 09,91.0,Model A,2000,476000.0,77,2,77 years 2 months,13,True
2023-01,BUKIT PANJANG,4 ROOM,442B,FAJAR RD,07 TO 09,93.0,Model A,2016,527000.0,93,1,93 years 1 months,13,True
2023-01,CHOA CHU KANG,4 ROOM,154,JLN TECK WHYE,13 TO 15,101.0,Model A,1997,525000.0,74,1,74 years 1 months,13,True
2023-01,CLEMENTI,3 ROOM,311C,CLEMENTI AVE 4,34 TO 36,60.0,DBSS,2014,555000.0,91,1,91 years 1 months,13,True
2023-01,HOUGANG,4 ROOM,636,HOUGANG AVE 8,10 TO 12,84.0,Simplified,1987,475000.0,64,1,64 years 1 months,13,True
2023-01,JURONG WEST,3 ROOM,525,JURONG WEST ST 52,10 TO 12,67.0,New Generation,1982,370000.0,59,1,59 years 1 months,13,True
2023-01,JURONG WEST,4 ROOM,744,JURONG WEST ST 73,04 TO 06,108.0,Model A,1993,450000.0,70,1,70 years 1 months,13,True
2022-12,PUNGGOL,3 ROOM,210C,PUNGGOL PL,16 TO 18,67.0,Model A,2014,443888.0,91,2,91 years 2 months,13,True
2022-12,PUNGGOL,4 ROOM,222A,SUMANG LANE,10 TO 12,93.0,Model A,2018,543000.0,95,2,95 years 2 months,13,True
2022-12,PUNGGOL,4 ROOM,224B,SUMANG LANE,04 TO 06,93.0,Model A,2018,540000.0,95,2,95 years 2 months,13,True
2022-12,PUNGGOL,4 ROOM,612C,PUNGGOL DR,13 TO 15,93.0,Model A,2012,590000.0,89,2,89 years 2 months,13,True
2022-12,PUNGGOL,4 ROOM,673C,EDGEFIELD PLAINS,01 TO 03,90.0,Model A,2015,530000.0,92,2,92 years 2 months,13,True
2022-12,SEMBAWANG,4 ROOM,589A,MONTREAL DR,10 TO 12,86.0,Model A2,2002,465000.0,79,2,79 years 2 months,13,True
2022-12,SENGKANG,4 ROOM,154,RIVERVALE CRES,07 TO 09,90.0,Model A,2005,500000.0,82,2,82 years 2 months,13,True
2022-12,SENGKANG,4 ROOM,334B,ANCHORVALE CRES,01 TO 03,92.0,Premium Apartment,2015,535000.0,92,2,92 years 2 months,13,True
2022-12,TAMPINES,3 ROOM,419,TAMPINES ST 41,04 TO 06,64.0,Simplified,1985,370000.0,62,2,62 years 2 months,13,True
2022-12,TAMPINES,4 ROOM,150,SIMEI ST 1,07 TO 09,84.0,Simplified,1987,470000.0,64,2,64 years 2 months,13,True
2022-12,YISHUN,3 ROOM,129,YISHUN ST 11,01 TO 03,67.0,New Generation,1984,353000.0,61,2,61 years 2 months,13,True
2022-12,YISHUN,4 ROOM,430B,YISHUN AVE 11,13 TO 15,92.0,Model A,2015,510000.0,92,2,92 years 2 months,13,True
2022-12,YISHUN,5 ROOM,241,YISHUN RING RD,01 TO 03,134.0,Model A,1986,618000.0,63,2,63 years 2 months,13,True
2022-12,YISHUN,5 ROOM,855,YISHUN RING RD,07 TO 09,122.0,Improved,1988,700000.0,65,2,65 years 2 months,13,True
2023-01,BEDOK,3 ROOM,127,BEDOK RESERVOIR RD,01 TO 03,64.0,Simplified,1986,370000.0,63,1,63 years 1 months,13,True
2023-01,BEDOK,3 ROOM,188A,BEDOK NTH ST 4,07 TO 09,68.0,Model A,2018,550000.0,95,1,95 years 1 months,13,True
2023-01,BEDOK,4 ROOM,183,BEDOK NTH RD,07 TO 09,92.0,Model A,2005,660000.0,82,1,82 years 1 months,13,True
2023-01,BUKIT MERAH,3 ROOM,91A,TELOK BLANGAH ST 31,13 TO 15,68.0,Model A,2018,682000.0,95,1,95 years 1 months,13,True
2023-01,BUKIT MERAH,4 ROOM,93A,TELOK BLANGAH ST 31,07 TO 09,93.0,Model A,2018,864000.0,95,1,95 years 1 months,13,True
2019-06,CHOA CHU KANG,4 ROOM,8,TECK WHYE AVE,01 TO 03,92.0,New Generation,1978,282500.0,58,8,58 years 8 months,13,True
2019-06,JURONG EAST,3 ROOM,210,JURONG EAST ST 21,07 TO 09,67.0,New Generation,1983,285800.0,63,8,63 years 8 months,13,True
2018-07,TAMPINES,5 ROOM,515B,TAMPINES CTRL 7,01 TO 03,105.0,DBSS,2008,590000.0,89,7,89 years 7 months,13,True
2018-12,BUKIT MERAH,3 ROOM,13,TELOK BLANGAH CRES,10 TO 12,65.0,Improved,1975,280000.0,56,2,56 years 2 months,13,True
2019-01,TOA PAYOH,4 ROOM,249,KIM KEAT LINK,01 TO 03,104.0,Model A,1988,470000.0,69,1,69 years 1 months,13,True
2019-02,HOUGANG,5 ROOM,103,HOUGANG AVE 1,04 TO 06,131.0,Model A,1983,565000.0,64,0,64 years 0 months,13,True
2019-03,YISHUN,4 ROOM,296,YISHUN ST 20,04 TO 06,91.0,Model A,2000,360000.0,80,11,80 years 11 months,13,True
2023-01,JURONG WEST,5 ROOM,273C,JURONG WEST AVE 3,13 TO 15,111.0,Improved,2001,535000.0,78,1,78 years 1 months,13,True
2023-01,JURONG WEST,EXECUTIVE,702,JURONG WEST ST 71,01 TO 03,148.0,Apartment,1993,670000.0,70,1,70 years 1 months,13,True
2023-01,KALLANG/WHAMPOA,3 ROOM,113C,MCNAIR RD,16 TO 18,68.0,Premium Apartment,2017,705000.0,94,1,94 years 1 months,13,True
2023-01,KALLANG/WHAMPOA,4 ROOM,113A,MCNAIR RD,10 TO 12,93.0,Premium Apartment,2017,940000.0,94,1,94 years 1 months,13,True
2023-01,PUNGGOL,3 ROOM,224B,SUMANG LANE,04 TO 06,68.0,Model A,2018,430000.0,95,1,95 years 1 months,13,True
2023-01,PUNGGOL,3 ROOM,672A,EDGEFIELD PLAINS,04 TO 06,65.0,Model A,2015,440000.0,92,1,92 years 1 months,13,True
2023-01,PUNGGOL,4 ROOM,220A,SUMANG LANE,16 TO 18,93.0,Model A,2018,611000.0,95,1,95 years 1 months,13,True
2023-01,PUNGGOL,4 ROOM,615B,EDGEFIELD PLAINS,10 TO 12,92.0,Model A,2012,595888.0,89,1,89 years 1 months,13,True
2023-01,PUNGGOL,4 ROOM,673C,EDGEFIELD PLAINS,10 TO 12,90.0,Model A,2015,550000.0,92,1,92 years 1 months,13,True
2023-01,SEMBAWANG,4 ROOM,507C,WELLINGTON CIRCLE,10 TO 12,90.0,Model A,2001,452000.0,78,1,78 years 1 months,13,True
2023-01,SENGKANG,4 ROOM,272D,SENGKANG CTRL,13 TO 15,90.0,Premium Apartment,2009,690000.0,86,1,86 years 1 months,13,True
2023-01,SERANGOON,3 ROOM,206,SERANGOON CTRL,10 TO 12,64.0,Simplified,1985,463000.0,62,1,62 years 1 months,13,True
2023-01,SERANGOON,4 ROOM,206,SERANGOON CTRL,10 TO 12,89.0,Simplified,1985,670000.0,62,1,62 years 1 months,13,True
2023-01,SERANGOON,4 ROOM,223,SERANGOON AVE 4,04 TO 06,92.0,New Generation,1984,480000.0,61,1,61 years 1 months,13,True
2023-01,TAMPINES,3 ROOM,202,TAMPINES ST 21,04 TO 06,75.0,Model A,1983,420000.0,60,1,60 years 1 months,13,True
2023-01,YISHUN,3 ROOM,746,YISHUN ST 72,04 TO 06,67.0,New Generation,1984,368000.0,61,1,61 years 1 months,13,True
2023-06,YISHUN,4 ROOM,166,YISHUN RING RD,07 TO 09,84.0,Simplified,1987,418000.0,63,8,63 years 8 months,13,True
2023-01,YISHUN,5 ROOM,166,YISHUN RING RD,01 TO 03,121.0,Improved,1987,510000.0,64,1,64 years 1 months,13,True
2023-02,BEDOK,3 ROOM,58,CHAI CHEE DR,04 TO 06,76.0,Model A,1983,353000.0,60,0,60 years 0 months,13,True
2023-02,BUKIT PANJANG,3 ROOM,442B,FAJAR RD,13 TO 15,68.0,Model A,2016,422000.0,93,0,93 years 0 months,13,True
2023-02,CHOA CHU KANG,5 ROOM,144,TECK WHYE LANE,13 TO 15,132.0,Improved,1988,582000.0,65,0,65 years 0 months,13,True
2023-02,JURONG WEST,4 ROOM,273C,JURONG WEST AVE 3,04 TO 06,90.0,Model A,2001,408000.0,78,0,78 years 0 months,13,True
2023-02,PASIR RIS,5 ROOM,553,PASIR RIS ST 51,01 TO 03,122.0,Improved,1992,628000.0,69,0,69 years 0 months,13,True
2023-02,PUNGGOL,4 ROOM,209A,PUNGGOL PL,04 TO 06,92.0,Model A,2014,537000.0,91,0,91 years 0 months,13,True
2023-02,PUNGGOL,4 ROOM,612A,PUNGGOL DR,13 TO 15,93.0,Model A,2012,600000.0,89,0,89 years 0 months,13,True
2023-02,TAMPINES,4 ROOM,341,TAMPINES ST 33,04 TO 06,112.0,Model A,1995,505000.0,72,0,72 years 0 months,13,True
2023-02,WOODLANDS,4 ROOM,575,WOODLANDS DR 16,01 TO 03,86.0,Model A2,2000,430000.0,77,0,77 years 0 months,13,True
2023-03,BUKIT PANJANG,4 ROOM,485,SEGAR RD,10 TO 12,93.0,Model A,2014,525000.0,90,11,90 years 11 months,13,True
2023-03,JURONG EAST,4 ROOM,302,JURONG EAST ST 32,10 TO 12,94.0,New Generation,1983,465000.0,59,11,59 years 11 months,13,True
2023-03,PASIR RIS,4 ROOM,252,PASIR RIS ST 21,04 TO 06,107.0,Model A,1993,510000.0,69,11,69 years 11 months,13,True
2023-03,PUNGGOL,3 ROOM,221B,SUMANG LANE,07 TO 09,68.0,Model A,2018,440000.0,94,11,94 years 11 months,13,True
2023-03,WOODLANDS,5 ROOM,717A,WOODLANDS DR 70,10 TO 12,113.0,Improved,2017,700000.0,93,11,93 years 11 months,13,True
2023-07,CHOA CHU KANG,4 ROOM,252,CHOA CHU KANG AVE 2,01 TO 03,104.0,Model A,1994,450000.0,70,7,70 years 7 months,13,True
2023-04,BUKIT MERAH,4 ROOM,92B,TELOK BLANGAH ST 31,13 TO 15,93.0,Model A,2018,880000.0,94,10,94 years 10 months,13,True
2023-04,BUKIT MERAH,4 ROOM,92B,TELOK BLANGAH ST 31,25 TO 27,93.0,Model A,2018,918000.0,94,10,94 years 10 months,13,True
2023-04,KALLANG/WHAMPOA,4 ROOM,681,RACE COURSE RD,01 TO 03,103.0,Model A,1986,627000.0,62,10,62 years 10 months,13,True
2023-04,PUNGGOL,2 ROOM,224C,SUMANG LANE,13 TO 15,48.0,Model A,2018,343000.0,94,10,94 years 10 months,13,True
2023-05,BUKIT BATOK,3 ROOM,178,BT BATOK WEST AVE 8,10 TO 12,73.0,Model A,1984,360000.0,60,9,60 years 9 months,13,True
2023-05,CLEMENTI,3 ROOM,311A,CLEMENTI AVE 4,07 TO 09,60.0,DBSS,2014,545000.0,90,9,90 years 9 months,13,True
2023-05,CLEMENTI,3 ROOM,311A,CLEMENTI AVE 4,16 TO 18,60.0,DBSS,2014,585000.0,90,9,90 years 9 months,13,True
2023-05,PUNGGOL,3 ROOM,256D,SUMANG WALK,10 TO 12,68.0,Model A,2016,475000.0,92,9,92 years 9 months,13,True
2023-05,TAMPINES,5 ROOM,515B,TAMPINES CTRL 7,04 TO 06,108.0,DBSS,2008,825000.0,84,9,84 years 9 months,13,True
2023-06,BUKIT BATOK,4 ROOM,369,BT BATOK ST 31,04 TO 06,84.0,Simplified,1985,458000.0,61,8,61 years 8 months,13,True
2023-06,PUNGGOL,2 ROOM,209C,PUNGGOL PL,10 TO 12,46.0,Model A,2014,340000.0,90,8,90 years 8 months,13,True
2023-06,PUNGGOL,4 ROOM,220A,SUMANG LANE,04 TO 06,93.0,Model A,2018,520000.0,94,8,94 years 8 months,13,True
2023-06,QUEENSTOWN,4 ROOM,52,STRATHMORE AVE,10 TO 12,90.0,Model A,2006,770000.0,82,8,82 years 8 months,13,True
2023-06,SENGKANG,4 ROOM,272C,SENGKANG CTRL,04 TO 06,90.0,Premium Apartment,2009,638000.0,85,8,85 years 8 months,13,True
2023-06,TAMPINES,5 ROOM,518B,TAMPINES CTRL 7,10 TO 12,108.0,DBSS,2008,890000.0,84,8,84 years 8 months,13,True
2023-07,SENGKANG,5 ROOM,257A,COMPASSVALE RD,13 TO 15,110.0,Improved,2000,703888.0,76,7,76 years 7 months,13,True
2023-06,YISHUN,4 ROOM,429B,YISHUN AVE 11,04 TO 06,92.0,Model A,2015,515000.0,91,8,91 years 8 months,13,True
2023-07,ANG MO KIO,4 ROOM,596C,ANG MO KIO ST 52,07 TO 09,91.0,Model A,2002,750000.0,78,7,78 years 7 months,13,True
2023-07,BEDOK,3 ROOM,58,CHAI CHEE DR,04 TO 06,76.0,Model A,1983,375000.0,59,7,59 years 7 months,13,True
2023-07,BEDOK,4 ROOM,186B,BEDOK NTH ST 4,13 TO 15,93.0,Model A,2018,818888.0,94,7,94 years 7 months,13,True
2023-07,BEDOK,4 ROOM,186B,BEDOK NTH ST 4,19 TO 21,93.0,Model A,2018,830000.0,94,7,94 years 7 months,13,True
2023-07,BEDOK,5 ROOM,156,BEDOK STH AVE 3,04 TO 06,122.0,Improved,1985,740000.0,61,7,61 years 7 months,13,True
2023-07,BEDOK,5 ROOM,769,BEDOK RESERVOIR VIEW,10 TO 12,115.0,Premium Apartment,2000,730000.0,76,7,76 years 7 months,13,True
2023-07,BISHAN,3 ROOM,308,SHUNFU RD,04 TO 06,67.0,New Generation,1984,489000.0,60,7,60 years 7 months,13,True
2023-07,BUKIT BATOK,5 ROOM,329,BT BATOK ST 33,04 TO 06,122.0,Improved,1986,560000.0,62,7,62 years 7 months,13,True
2023-07,BUKIT PANJANG,2 ROOM,488,SEGAR RD,01 TO 03,47.0,Model A,2014,295000.0,90,7,90 years 7 months,13,True
2023-07,BUKIT PANJANG,3 ROOM,251,BANGKIT RD,01 TO 03,73.0,Model A,1988,375000.0,64,7,64 years 7 months,13,True
2023-07,BUKIT PANJANG,4 ROOM,550A,SEGAR RD,04 TO 06,92.0,Model A,2015,540000.0,91,7,91 years 7 months,13,True
2023-07,BUKIT PANJANG,4 ROOM,621,SENJA RD,13 TO 15,90.0,Model A,2001,490000.0,77,7,77 years 7 months,13,True
2023-07,BUKIT PANJANG,4 ROOM,624,SENJA RD,10 TO 12,90.0,Model A,2001,471888.0,77,7,77 years 7 months,13,True
2023-07,BUKIT PANJANG,EXECUTIVE,129,PENDING RD,01 TO 03,144.0,Apartment,1987,760000.0,63,7,63 years 7 months,13,True
2023-08,KALLANG/WHAMPOA,4 ROOM,10A,BENDEMEER RD,13 TO 15,93.0,Model A,2017,905000.0,93,6,93 years 6 months,13,True
2023-07,CHOA CHU KANG,4 ROOM,676A,CHOA CHU KANG CRES,01 TO 03,103.0,Premium Apartment,1999,460000.0,75,7,75 years 7 months,13,True
2023-07,CLEMENTI,4 ROOM,311C,CLEMENTI AVE 4,37 TO 39,80.0,DBSS,2014,890000.0,90,7,90 years 7 months,13,True
2023-07,HOUGANG,4 ROOM,169,HOUGANG AVE 1,01 TO 03,103.0,Model A,1997,520000.0,73,7,73 years 7 months,13,True
2023-07,HOUGANG,4 ROOM,172,HOUGANG AVE 1,10 TO 12,101.0,Model A,1997,510888.0,73,7,73 years 7 months,13,True
2023-07,KALLANG/WHAMPOA,4 ROOM,113C,MCNAIR RD,22 TO 24,93.0,Premium Apartment,2017,1040000.0,93,7,93 years 7 months,13,True
2023-07,PASIR RIS,4 ROOM,551,PASIR RIS ST 51,04 TO 06,103.0,Model A,1992,575000.0,68,7,68 years 7 months,13,True
2023-07,PASIR RIS,5 ROOM,551,PASIR RIS ST 51,04 TO 06,123.0,Improved,1992,635000.0,68,7,68 years 7 months,13,True
2023-07,PASIR RIS,EXECUTIVE,500,PASIR RIS ST 52,10 TO 12,146.0,Apartment,1993,835000.0,69,7,69 years 7 months,13,True
2023-07,PUNGGOL,3 ROOM,210C,PUNGGOL PL,16 TO 18,67.0,Model A,2014,478000.0,90,7,90 years 7 months,13,True
2023-07,PUNGGOL,3 ROOM,220B,SUMANG LANE,04 TO 06,68.0,Model A,2018,445000.0,94,7,94 years 7 months,13,True
2023-07,PUNGGOL,3 ROOM,220B,SUMANG LANE,13 TO 15,68.0,Model A,2018,443000.0,94,7,94 years 7 months,13,True
2023-07,PUNGGOL,4 ROOM,221B,SUMANG LANE,04 TO 06,93.0,Model A,2018,550000.0,94,7,94 years 7 months,13,True
2023-07,SENGKANG,4 ROOM,185B,RIVERVALE CRES,07 TO 09,90.0,Model A2,2000,475000.0,76,7,76 years 7 months,13,True
2023-07,SENGKANG,4 ROOM,226A,COMPASSVALE WALK,13 TO 15,102.0,Model A,1999,555000.0,75,7,75 years 7 months,13,True
2023-07,SENGKANG,4 ROOM,259C,COMPASSVALE RD,10 TO 12,90.0,Model A,2000,558000.0,76,7,76 years 7 months,13,True
2023-09,TAMPINES,4 ROOM,276,TAMPINES ST 22,07 TO 09,105.0,Model A,1984,510000.0,60,5,60 years 5 months,13,True
2023-09,TAMPINES,4 ROOM,735,TAMPINES ST 72,07 TO 09,101.0,Model A,1997,582000.0,73,5,73 years 5 months,13,True
2023-07,SERANGOON,3 ROOM,206,SERANGOON CTRL,01 TO 03,64.0,Simplified,1985,425888.0,61,7,61 years 7 months,13,True
2023-07,TAMPINES,4 ROOM,730,TAMPINES ST 71,10 TO 12,103.0,Model A,1997,575000.0,73,7,73 years 7 months,13,True
2023-07,TAMPINES,4 ROOM,845,TAMPINES ST 83,10 TO 12,105.0,Model A,1987,565000.0,63,7,63 years 7 months,13,True
2023-07,TAMPINES,5 ROOM,926,TAMPINES ST 91,07 TO 09,133.0,Model A,1983,670000.0,59,7,59 years 7 months,13,True
2023-07,YISHUN,3 ROOM,796A,YISHUN RING RD,04 TO 06,64.0,Simplified,1986,385000.0,62,7,62 years 7 months,13,True
2023-07,YISHUN,4 ROOM,430A,YISHUN AVE 11,13 TO 15,92.0,Model A,2015,530000.0,91,7,91 years 7 months,13,True
2023-08,BEDOK,4 ROOM,188B,BEDOK NTH ST 4,04 TO 06,93.0,Model A,2018,740000.0,94,6,94 years 6 months,13,True
2023-08,BUKIT BATOK,4 ROOM,532,BT BATOK ST 51,07 TO 09,83.0,Simplified,1986,421000.0,62,6,62 years 6 months,13,True
2023-08,BUKIT BATOK,5 ROOM,329,BT BATOK ST 33,10 TO 12,122.0,Improved,1986,580000.0,62,6,62 years 6 months,13,True
2023-08,BUKIT MERAH,3 ROOM,93B,TELOK BLANGAH ST 31,28 TO 30,68.0,Model A,2018,725000.0,94,6,94 years 6 months,13,True
2023-08,BUKIT MERAH,4 ROOM,92B,TELOK BLANGAH ST 31,25 TO 27,93.0,Model A,2018,938000.0,94,6,94 years 6 months,13,True
2023-08,BUKIT MERAH,4 ROOM,93A,TELOK BLANGAH ST 31,13 TO 15,93.0,Model A,2018,862000.0,94,6,94 years 6 months,13,True
2023-08,JURONG WEST,5 ROOM,673B,JURONG WEST ST 65,04 TO 06,110.0,Improved,2002,542500.0,78,6,78 years 6 months,13,True
2023-08,KALLANG/WHAMPOA,4 ROOM,101,JLN RAJAH,07 TO 09,94.0,New Generation,1980,548888.0,56,6,56 years 6 months,13,True
2023-11,TAMPINES,5 ROOM,515B,TAMPINES CTRL 7,16 TO 18,114.0,DBSS,2008,938888.0,84,3,84 years 3 months,13,True
2023-12,BUKIT BATOK,5 ROOM,289A,BT BATOK ST 25,10 TO 12,122.0,Improved,1997,690100.0,73,2,73 years 2 months,13,True
2023-12,CHOA CHU KANG,4 ROOM,673A,CHOA CHU KANG CRES,01 TO 03,104.0,Premium Apartment,1999,460000.0,75,2,75 years 2 months,13,True
2023-08,KALLANG/WHAMPOA,4 ROOM,10B,BENDEMEER RD,37 TO 39,93.0,Model A,2017,1078000.0,93,6,93 years 6 months,13,True
2023-08,KALLANG/WHAMPOA,4 ROOM,10C,BENDEMEER RD,37 TO 39,93.0,Model A,2017,1038800.0,93,6,93 years 6 months,13,True
2023-08,PASIR RIS,4 ROOM,102,PASIR RIS ST 12,10 TO 12,104.0,Model A,1988,548000.0,64,6,64 years 6 months,13,True
2023-08,PASIR RIS,4 ROOM,252,PASIR RIS ST 21,04 TO 06,107.0,Model A,1993,538000.0,69,6,69 years 6 months,13,True
2023-08,PUNGGOL,2 ROOM,256A,SUMANG WALK,16 TO 18,47.0,Model A,2016,345000.0,92,6,92 years 6 months,13,True
2023-08,PUNGGOL,4 ROOM,256B,SUMANG WALK,16 TO 18,93.0,Model A,2016,620000.0,92,6,92 years 6 months,13,True
2023-08,PUNGGOL,4 ROOM,673A,EDGEFIELD PLAINS,13 TO 15,90.0,Model A,2015,600000.0,91,6,91 years 6 months,13,True
2023-08,SERANGOON,3 ROOM,303,SERANGOON AVE 2,10 TO 12,60.0,Improved,1984,435000.0,60,6,60 years 6 months,13,True
2023-08,TAMPINES,4 ROOM,276,TAMPINES ST 22,07 TO 09,105.0,Model A,1984,560000.0,60,6,60 years 6 months,13,True
2023-08,TAMPINES,5 ROOM,256,TAMPINES ST 21,07 TO 09,121.0,Improved,1984,600000.0,60,6,60 years 6 months,13,True
2023-08,TAMPINES,5 ROOM,339,TAMPINES ST 33,07 TO 09,137.0,Model A,1995,690000.0,71,6,71 years 6 months,13,True
2023-08,WOODLANDS,5 ROOM,790,WOODLANDS AVE 6,10 TO 12,121.0,Improved,1997,590000.0,73,6,73 years 6 months,13,True
2023-08,WOODLANDS,EXECUTIVE,798,WOODLANDS DR 72,10 TO 12,140.0,Apartment,1997,750000.0,73,6,73 years 6 months,13,True
2024-01,BUKIT MERAH,4 ROOM,90B,TELOK BLANGAH ST 31,25 TO 27,93.0,Model A,2018,975000.0,94,1,94 years 1 months,13,True
2024-01,BUKIT MERAH,4 ROOM,91A,TELOK BLANGAH ST 31,04 TO 06,93.0,Model A,2018,800000.0,94,1,94 years 1 months,13,True
2024-01,BUKIT PANJANG,4 ROOM,435,BT PANJANG RING RD,07 TO 09,104.0,Model A,1988,500000.0,64,1,64 years 1 months,13,True
2024-01,BUKIT PANJANG,4 ROOM,548A,SEGAR RD,13 TO 15,92.0,Model A,2015,546888.0,91,1,91 years 1 months,13,True
2024-01,BUKIT PANJANG,5 ROOM,413,SAUJANA RD,04 TO 06,122.0,Improved,1988,560000.0,64,1,64 years 1 months,13,True
2023-09,TAMPINES,5 ROOM,518A,TAMPINES CTRL 7,07 TO 09,109.0,DBSS,2008,925000.0,84,5,84 years 5 months,13,True
2023-09,WOODLANDS,4 ROOM,334,WOODLANDS ST 32,07 TO 09,104.0,Model A,1985,500000.0,61,5,61 years 5 months,13,True
2023-10,BEDOK,3 ROOM,188B,BEDOK NTH ST 4,04 TO 06,68.0,Model A,2018,548888.0,94,4,94 years 4 months,13,True
2023-10,BEDOK,4 ROOM,186B,BEDOK NTH ST 4,04 TO 06,93.0,Model A,2018,740000.0,94,4,94 years 4 months,13,True
2023-10,BUKIT BATOK,3 ROOM,182,BT BATOK WEST AVE 8,04 TO 06,67.0,New Generation,1984,368000.0,60,4,60 years 4 months,13,True
2023-10,PUNGGOL,4 ROOM,671A,EDGEFIELD PLAINS,07 TO 09,90.0,Model A,2015,560000.0,91,4,91 years 4 months,13,True
2023-11,HOUGANG,4 ROOM,997C,BUANGKOK CRES,01 TO 03,93.0,Model A,2018,538000.0,94,3,94 years 3 months,13,True
2023-11,PASIR RIS,5 ROOM,458,PASIR RIS DR 4,07 TO 09,122.0,Improved,1992,660000.0,68,3,68 years 3 months,13,True
2023-11,PASIR RIS,5 ROOM,567,PASIR RIS ST 51,07 TO 09,123.0,Improved,1992,705000.0,68,3,68 years 3 months,13,True
2023-11,PUNGGOL,4 ROOM,224B,SUMANG LANE,01 TO 03,93.0,Model A,2018,540000.0,94,3,94 years 3 months,13,True
2023-11,PUNGGOL,4 ROOM,614A,EDGEFIELD PLAINS,01 TO 03,92.0,Model A,2012,558000.0,88,3,88 years 3 months,13,True
2024-02,BEDOK,4 ROOM,186A,BEDOK NTH ST 4,13 TO 15,93.0,Model A,2018,860000.0,94,0,94 years 0 months,13,True
2024-02,BUKIT BATOK,5 ROOM,289C,BT BATOK ST 25,10 TO 12,121.0,Improved,1997,680000.0,73,0,73 years 0 months,13,True
2024-02,BUKIT PANJANG,EXECUTIVE,129,PENDING RD,01 TO 03,151.0,Apartment,1987,778000.0,63,0,63 years 0 months,13,True
2024-02,JURONG WEST,EXECUTIVE,701,JURONG WEST ST 71,07 TO 09,147.0,Apartment,1993,730000.0,69,0,69 years 0 months,13,True
2024-02,PASIR RIS,4 ROOM,409,PASIR RIS DR 6,07 TO 09,105.0,Model A,1989,605888.0,65,0,65 years 0 months,13,True
2023-12,HOUGANG,3 ROOM,998A,BUANGKOK CRES,13 TO 15,68.0,Model A,2019,485000.0,95,2,95 years 2 months,13,True
2023-12,JURONG WEST,5 ROOM,825,JURONG WEST ST 81,07 TO 09,127.0,Improved,1993,535000.0,69,2,69 years 2 months,13,True
2023-12,SENGKANG,4 ROOM,203A,COMPASSVALE RD,16 TO 18,92.0,Model A,2000,495000.0,76,2,76 years 2 months,13,True
2023-12,SENGKANG,5 ROOM,336D,ANCHORVALE CRES,04 TO 06,115.0,Premium Apartment,2015,748000.0,91,2,91 years 2 months,13,True
2023-12,TAMPINES,4 ROOM,262,TAMPINES ST 21,04 TO 06,103.0,Model A,1984,545000.0,60,2,60 years 2 months,13,True
2023-12,YISHUN,3 ROOM,742,YISHUN AVE 5,10 TO 12,67.0,New Generation,1985,410000.0,61,2,61 years 2 months,13,True
2023-12,YISHUN,4 ROOM,270,YISHUN ST 22,10 TO 12,104.0,Model A,1987,488000.0,63,2,63 years 2 months,13,True
2024-01,BEDOK,4 ROOM,188B,BEDOK NTH ST 4,07 TO 09,93.0,Model A,2018,820000.0,94,1,94 years 1 months,13,True
2024-01,BISHAN,4 ROOM,127,BISHAN ST 12,01 TO 03,83.0,Simplified,1986,613000.0,62,1,62 years 1 months,13,True
2024-01,BUKIT BATOK,3 ROOM,206,BT BATOK ST 21,13 TO 15,73.0,Model A,1983,400000.0,59,1,59 years 1 months,13,True
2024-01,BUKIT MERAH,4 ROOM,27A,JLN MEMBINA,07 TO 09,90.0,Model A,2008,870000.0,84,1,84 years 1 months,13,True
2024-03,JURONG WEST,4 ROOM,349,CORPORATION DR,04 TO 06,102.0,Model A,1997,540000.0,72,11,72 years 11 months,13,True
2024-03,KALLANG/WHAMPOA,3 ROOM,105,TOWNER RD,04 TO 06,74.0,Model A,1984,550000.0,59,11,59 years 11 months,13,True
2024-03,PASIR RIS,5 ROOM,405,PASIR RIS DR 6,04 TO 06,127.0,Improved,1989,675000.0,64,11,64 years 11 months,13,True
2024-03,PASIR RIS,EXECUTIVE,465,PASIR RIS ST 41,07 TO 09,150.0,Apartment,1992,846000.0,67,11,67 years 11 months,13,True
2024-03,PUNGGOL,4 ROOM,220A,SUMANG LANE,04 TO 06,93.0,Model A,2018,600000.0,93,11,93 years 11 months,13,True
2024-01,CLEMENTI,3 ROOM,711,CLEMENTI WEST ST 2,07 TO 09,82.0,New Generation,1980,375000.0,56,1,56 years 1 months,13,True
2024-01,HOUGANG,2 ROOM,998B,BUANGKOK CRES,13 TO 15,47.0,Model A,2019,338000.0,95,1,95 years 1 months,13,True
2024-01,HOUGANG,5 ROOM,424,HOUGANG AVE 6,07 TO 09,132.0,Improved,1989,812888.0,65,1,65 years 1 months,13,True
2024-01,KALLANG/WHAMPOA,5 ROOM,2A,UPP BOON KENG RD,07 TO 09,110.0,Improved,2006,988888.0,82,1,82 years 1 months,13,True
2024-01,QUEENSTOWN,5 ROOM,48,STRATHMORE AVE,31 TO 33,110.0,Improved,2006,1100000.0,82,1,82 years 1 months,13,True
2024-01,SENGKANG,4 ROOM,409B,FERNVALE RD,07 TO 09,95.0,Premium Apartment,2004,543000.0,80,1,80 years 1 months,13,True
2024-01,SENGKANG,5 ROOM,203A,COMPASSVALE RD,10 TO 12,110.0,Improved,2000,608000.0,76,1,76 years 1 months,13,True
2024-01,TAMPINES,3 ROOM,145,TAMPINES ST 12,04 TO 06,74.0,Model A,1984,438000.0,60,1,60 years 1 months,13,True
2024-01,TAMPINES,4 ROOM,925,TAMPINES ST 91,01 TO 03,104.0,Model A,1983,560000.0,59,1,59 years 1 months,13,True
2024-01,TOA PAYOH,4 ROOM,261,TOA PAYOH EAST,19 TO 21,93.0,Model A,2019,950000.0,95,1,95 years 1 months,13,True
2024-01,WOODLANDS,4 ROOM,318,WOODLANDS ST 31,07 TO 09,119.0,Model A,1993,590000.0,69,1,69 years 1 months,13,True
2024-04,HOUGANG,4 ROOM,998A,BUANGKOK CRES,01 TO 03,93.0,Model A,2019,555000.0,94,10,94 years 10 months,13,True
2024-04,HOUGANG,4 ROOM,999B,BUANGKOK CRES,13 TO 15,93.0,Model A,2019,633000.0,94,10,94 years 10 months,13,True
2024-04,JURONG EAST,EXECUTIVE,285A,TOH GUAN RD,04 TO 06,143.0,Apartment,1998,900000.0,73,10,73 years 10 months,13,True
2024-04,JURONG WEST,EXECUTIVE,708,JURONG WEST ST 71,07 TO 09,149.0,Apartment,1993,743000.0,68,10,68 years 10 months,13,True
2024-04,KALLANG/WHAMPOA,5 ROOM,21,ST. GEORGE'S RD,19 TO 21,118.0,Improved,1984,810000.0,59,10,59 years 10 months,13,True
2024-02,TAMPINES,4 ROOM,339,TAMPINES ST 33,04 TO 06,107.0,Model A,1995,530000.0,71,0,71 years 0 months,13,True
2024-02,WOODLANDS,4 ROOM,754,WOODLANDS CIRCLE,01 TO 03,102.0,Model A,1997,485000.0,73,0,73 years 0 months,13,True
2024-03,BEDOK,3 ROOM,58,CHAI CHEE DR,10 TO 12,76.0,Model A,1983,428000.0,58,11,58 years 11 months,13,True
2024-03,BEDOK,5 ROOM,770,BEDOK RESERVOIR VIEW,04 TO 06,115.0,Premium Apartment,2000,735000.0,75,11,75 years 11 months,13,True
2024-03,BEDOK,EXECUTIVE,10D,BEDOK STH AVE 2,10 TO 12,145.0,Apartment,1995,1100000.0,70,11,70 years 11 months,13,True
2024-03,BUKIT BATOK,3 ROOM,131,BT BATOK WEST AVE 6,10 TO 12,73.0,Model A,1984,408000.0,59,11,59 years 11 months,13,True
2024-03,BUKIT BATOK,4 ROOM,182,BT BATOK WEST AVE 8,07 TO 09,93.0,New Generation,1984,492000.0,59,11,59 years 11 months,13,True
2024-03,BUKIT MERAH,4 ROOM,90A,TELOK BLANGAH ST 31,10 TO 12,93.0,Model A,2018,890000.0,93,11,93 years 11 months,13,True
2024-03,BUKIT PANJANG,3 ROOM,443A,FAJAR RD,10 TO 12,68.0,Model A,2016,428000.0,91,11,91 years 11 months,13,True
2024-03,BUKIT PANJANG,5 ROOM,609,BT PANJANG RING RD,04 TO 06,110.0,Improved,2001,608000.0,76,11,76 years 11 months,13,True
2024-03,CHOA CHU KANG,4 ROOM,673A,CHOA CHU KANG CRES,07 TO 09,103.0,Premium Apartment,1999,510000.0,74,11,74 years 11 months,13,True
2024-05,PUNGGOL,4 ROOM,224B,SUMANG LANE,04 TO 06,93.0,Model A,2018,600000.0,93,9,93 years 9 months,13,True
2024-05,SENGKANG,5 ROOM,145,RIVERVALE DR,01 TO 03,116.0,Improved,1999,588888.0,74,9,74 years 9 months,13,True
2024-05,TAMPINES,EXECUTIVE,330,TAMPINES ST 32,07 TO 09,148.0,Apartment,1995,899999.0,70,9,70 years 9 months,13,True
2024-05,YISHUN,3 ROOM,268,YISHUN ST 22,04 TO 06,64.0,Simplified,1985,370008.0,60,9,60 years 9 months,13,True
2024-05,YISHUN,5 ROOM,167,YISHUN RING RD,01 TO 03,121.0,Improved,1987,560000.0,62,9,62 years 9 months,13,True
2024-03,PUNGGOL,4 ROOM,220A,SUMANG LANE,10 TO 12,93.0,Model A,2018,612000.0,93,11,93 years 11 months,13,True
2024-03,SEMBAWANG,5 ROOM,309,CANBERRA RD,07 TO 09,122.0,Improved,1998,640000.0,73,11,73 years 11 months,13,True
2024-03,SERANGOON,4 ROOM,206,SERANGOON CTRL,07 TO 09,89.0,Simplified,1985,750000.0,60,11,60 years 11 months,13,True
2024-03,TAMPINES,5 ROOM,342,TAMPINES ST 33,10 TO 12,127.0,Improved,1995,720888.0,70,11,70 years 11 months,13,True
2024-03,TAMPINES,5 ROOM,515A,TAMPINES CTRL 7,13 TO 15,110.0,DBSS,2008,935000.0,83,11,83 years 11 months,13,True
2024-03,TAMPINES,5 ROOM,518C,TAMPINES CTRL 7,04 TO 06,108.0,DBSS,2008,875000.0,83,11,83 years 11 months,13,True
2024-03,TAMPINES,5 ROOM,898A,TAMPINES ST 81,04 TO 06,129.0,Improved,1988,752000.0,63,11,63 years 11 months,13,True
2024-03,YISHUN,4 ROOM,430B,YISHUN AVE 11,01 TO 03,92.0,Model A,2015,507000.0,90,11,90 years 11 months,13,True
2024-04,BEDOK,4 ROOM,187B,BEDOK NTH ST 4,01 TO 03,93.0,Model A,2018,695000.0,93,10,93 years 10 months,13,True
2024-04,BEDOK,5 ROOM,187A,BEDOK NTH ST 4,01 TO 03,113.0,Improved,2018,935000.0,93,10,93 years 10 months,13,True
2024-04,HOUGANG,4 ROOM,172,HOUGANG AVE 1,01 TO 03,101.0,Model A,1997,505000.0,72,10,72 years 10 months,13,True
2024-07,JURONG WEST,5 ROOM,618,JURONG WEST ST 65,01 TO 03,109.0,Improved,2000,570000.0,75,7,75 years 7 months,13,True
2024-07,KALLANG/WHAMPOA,4 ROOM,113A,MCNAIR RD,13 TO 15,93.0,Premium Apartment,2017,980000.0,92,7,92 years 7 months,13,True
2024-07,PUNGGOL,4 ROOM,210B,PUNGGOL PL,07 TO 09,92.0,Model A,2014,606888.0,89,7,89 years 7 months,13,True
2024-07,PUNGGOL,5 ROOM,173A,PUNGGOL FIELD,01 TO 03,110.0,Improved,2003,560000.0,78,7,78 years 7 months,13,True
2024-07,SENGKANG,5 ROOM,304B,ANCHORVALE LINK,07 TO 09,110.0,Improved,2001,590000.0,76,7,76 years 7 months,13,True
2024-04,PASIR RIS,5 ROOM,474,PASIR RIS DR 6,10 TO 12,122.0,Improved,1989,650000.0,64,10,64 years 10 months,13,True
2024-04,PUNGGOL,4 ROOM,671B,EDGEFIELD PLAINS,04 TO 06,90.0,Model A,2015,560000.0,90,10,90 years 10 months,13,True
2024-04,SERANGOON,3 ROOM,303,SERANGOON AVE 2,10 TO 12,60.0,Improved,1984,473888.0,59,10,59 years 10 months,13,True
2024-04,TAMPINES,3 ROOM,202,TAMPINES ST 21,01 TO 03,79.0,Model A,1983,435000.0,58,10,58 years 10 months,13,True
2024-04,YISHUN,3 ROOM,468A,YISHUN ST 43,07 TO 09,67.0,Model A,2019,450000.0,94,10,94 years 10 months,13,True
2024-04,YISHUN,4 ROOM,363,YISHUN RING RD,04 TO 06,105.0,Model A,1988,498000.0,63,10,63 years 10 months,13,True
2024-04,YISHUN,4 ROOM,429B,YISHUN AVE 11,01 TO 03,92.0,Model A,2015,500000.0,90,10,90 years 10 months,13,True
2024-05,BUKIT MERAH,4 ROOM,93A,TELOK BLANGAH ST 31,04 TO 06,93.0,Model A,2018,848000.0,93,9,93 years 9 months,13,True
2024-05,CHOA CHU KANG,4 ROOM,252,CHOA CHU KANG AVE 2,04 TO 06,104.0,Model A,1994,495000.0,69,9,69 years 9 months,13,True
2024-05,HOUGANG,3 ROOM,999B,BUANGKOK CRES,01 TO 03,68.0,Model A,2019,470000.0,94,9,94 years 9 months,13,True
2024-05,KALLANG/WHAMPOA,4 ROOM,59A,GEYLANG BAHRU,04 TO 06,101.0,Model A,1998,728000.0,73,9,73 years 9 months,13,True
2024-08,PASIR RIS,5 ROOM,253,PASIR RIS ST 21,07 TO 09,120.0,Improved,1993,671320.0,68,6,68 years 6 months,13,True
2024-08,PASIR RIS,5 ROOM,513,PASIR RIS ST 52,07 TO 09,129.0,Improved,1993,768000.0,68,6,68 years 6 months,13,True
2024-08,PUNGGOL,2 ROOM,672C,EDGEFIELD PLAINS,10 TO 12,44.0,Model A,2015,352000.0,90,6,90 years 6 months,13,True
2024-08,TAMPINES,5 ROOM,515C,TAMPINES CTRL 7,04 TO 06,107.0,DBSS,2008,860000.0,83,6,83 years 6 months,13,True
2024-08,TAMPINES,5 ROOM,518C,TAMPINES CTRL 7,04 TO 06,109.0,DBSS,2008,865000.0,83,6,83 years 6 months,13,True
2024-06,BUKIT MERAH,3 ROOM,13,TELOK BLANGAH CRES,04 TO 06,65.0,Improved,1975,392888.0,50,8,50 years 8 months,13,True
2024-06,CLEMENTI,4 ROOM,455,CLEMENTI AVE 3,04 TO 06,90.0,Model A,2002,750000.0,77,8,77 years 8 months,13,True
2024-06,HOUGANG,4 ROOM,172,HOUGANG AVE 1,10 TO 12,101.0,Model A,1997,605000.0,72,8,72 years 8 months,13,True
2024-06,JURONG WEST,4 ROOM,521,JURONG WEST ST 52,07 TO 09,94.0,New Generation,1982,465000.0,57,8,57 years 8 months,13,True
2024-06,JURONG WEST,5 ROOM,921,JURONG WEST ST 92,01 TO 03,122.0,Improved,1988,502000.0,63,8,63 years 8 months,13,True
2024-06,PUNGGOL,3 ROOM,256C,SUMANG WALK,13 TO 15,68.0,Model A,2016,495000.0,91,8,91 years 8 months,13,True
2024-06,PUNGGOL,4 ROOM,636A,PUNGGOL DR,04 TO 06,91.0,Premium Apartment,2007,560000.0,82,8,82 years 8 months,13,True
2024-06,TAMPINES,3 ROOM,438,TAMPINES ST 43,04 TO 06,74.0,Model A,1985,435000.0,60,8,60 years 8 months,13,True
2024-06,TOA PAYOH,4 ROOM,263,TOA PAYOH EAST,16 TO 18,93.0,Model A,2019,940000.0,94,8,94 years 8 months,13,True
2024-07,BEDOK,4 ROOM,186A,BEDOK NTH ST 4,01 TO 03,93.0,Model A,2018,780000.0,93,7,93 years 7 months,13,True
2024-07,BUKIT PANJANG,4 ROOM,633D,SENJA RD,04 TO 06,93.0,Model A,2013,555000.0,88,7,88 years 7 months,13,True
2024-09,PUNGGOL,4 ROOM,220B,SUMANG LANE,10 TO 12,93.0,Model A,2018,660000.0,93,5,93 years 5 months,13,True
2024-09,SENGKANG,EXECUTIVE,225C,COMPASSVALE WALK,04 TO 06,135.0,Apartment,1999,800000.0,74,5,74 years 5 months,13,True
2024-09,SENGKANG,EXECUTIVE,312A,ANCHORVALE LANE,04 TO 06,130.0,Premium Apartment,2002,660000.0,77,5,77 years 5 months,13,True
2024-09,TOA PAYOH,4 ROOM,263,TOA PAYOH EAST,28 TO 30,93.0,Model A,2019,1020000.0,94,5,94 years 5 months,13,True
2024-09,WOODLANDS,EXECUTIVE,171,WOODLANDS ST 11,01 TO 03,182.0,Apartment,1985,1008000.0,60,5,60 years 5 months,13,True
2024-07,TAMPINES,3 ROOM,225,TAMPINES ST 23,07 TO 09,73.0,Model A,1984,435000.0,59,7,59 years 7 months,13,True
2024-07,TAMPINES,3 ROOM,419,TAMPINES ST 41,10 TO 12,64.0,Simplified,1985,425000.0,60,7,60 years 7 months,13,True
2024-07,TAMPINES,5 ROOM,515B,TAMPINES CTRL 7,04 TO 06,114.0,DBSS,2008,938888.0,83,7,83 years 7 months,13,True
2024-07,TAMPINES,5 ROOM,515C,TAMPINES CTRL 7,13 TO 15,108.0,DBSS,2008,940000.0,83,7,83 years 7 months,13,True
2024-07,TOA PAYOH,4 ROOM,264,TOA PAYOH EAST,25 TO 27,93.0,Model A,2019,975000.0,94,7,94 years 7 months,13,True
2024-07,YISHUN,3 ROOM,424C,YISHUN AVE 11,01 TO 03,67.0,Model A,2015,410000.0,90,7,90 years 7 months,13,True
2024-07,YISHUN,3 ROOM,424C,YISHUN AVE 11,10 TO 12,67.0,Model A,2015,458000.0,90,7,90 years 7 months,13,True
2024-08,BEDOK,5 ROOM,766,BEDOK RESERVOIR VIEW,07 TO 09,115.0,Premium Apartment,2000,810000.0,75,6,75 years 6 months,13,True
2024-08,BUKIT BATOK,3 ROOM,167,BT BATOK WEST AVE 8,04 TO 06,74.0,Model A,1984,425000.0,59,6,59 years 6 months,13,True
2024-08,BUKIT PANJANG,3 ROOM,633D,SENJA RD,25 TO 27,67.0,Model A,2013,505000.0,88,6,88 years 6 months,13,True
2024-08,JURONG EAST,5 ROOM,212,JURONG EAST ST 21,19 TO 21,120.0,Improved,1982,705000.0,57,6,57 years 6 months,13,True
2024-10,JURONG EAST,3 ROOM,208,JURONG EAST ST 21,01 TO 03,67.0,New Generation,1982,420000.0,57,4,57 years 4 months,13,True
2024-10,JURONG WEST,4 ROOM,731,JURONG WEST ST 72,10 TO 12,104.0,Model A,1990,500000.0,65,4,65 years 4 months,13,True
2024-10,JURONG WEST,5 ROOM,673C,JURONG WEST ST 65,04 TO 06,111.0,Improved,2002,581000.0,77,4,77 years 4 months,13,True
2024-10,PUNGGOL,4 ROOM,210B,PUNGGOL PL,07 TO 09,92.0,Model A,2014,625000.0,89,4,89 years 4 months,13,True
2024-10,PUNGGOL,5 ROOM,173A,PUNGGOL FIELD,01 TO 03,110.0,Improved,2003,628000.0,78,4,78 years 4 months,13,True
2024-08,TAMPINES,5 ROOM,518D,TAMPINES CTRL 7,13 TO 15,109.0,DBSS,2008,938000.0,83,6,83 years 6 months,13,True
2024-08,TOA PAYOH,4 ROOM,261,TOA PAYOH EAST,16 TO 18,93.0,Model A,2019,870000.0,94,6,94 years 6 months,13,True
2024-08,YISHUN,2 ROOM,424B,YISHUN AVE 11,07 TO 09,47.0,2-room,2015,345000.0,90,6,90 years 6 months,13,True
2024-09,BEDOK,4 ROOM,185,BEDOK NTH RD,07 TO 09,92.0,Model A,2005,705000.0,80,5,80 years 5 months,13,True
2024-09,BEDOK,4 ROOM,774,BEDOK RESERVOIR VIEW,13 TO 15,105.0,Premium Apartment,2000,738000.0,75,5,75 years 5 months,13,True
2024-09,BUKIT BATOK,5 ROOM,329,BT BATOK ST 33,07 TO 09,122.0,Improved,1986,625000.0,61,5,61 years 5 months,13,True
2024-09,CHOA CHU KANG,EXECUTIVE,235,CHOA CHU KANG CTRL,16 TO 18,146.0,Maisonette,1990,870000.0,65,5,65 years 5 months,13,True
2024-09,CLEMENTI,5 ROOM,103,CLEMENTI ST 14,13 TO 15,121.0,Improved,1984,828888.0,59,5,59 years 5 months,13,True
2024-09,KALLANG/WHAMPOA,5 ROOM,21,ST. GEORGE'S RD,10 TO 12,118.0,Improved,1984,803800.0,59,5,59 years 5 months,13,True
2024-09,PASIR RIS,4 ROOM,517,PASIR RIS ST 52,01 TO 03,106.0,Model A,1993,618000.0,68,5,68 years 5 months,13,True
2024-09,PUNGGOL,3 ROOM,209C,PUNGGOL PL,07 TO 09,67.0,Model A,2014,498000.0,89,5,89 years 5 months,13,True
2024-11,BEDOK,4 ROOM,188A,BEDOK NTH ST 4,13 TO 15,93.0,Model A,2018,850000.0,93,3,93 years 3 months,13,True
2024-11,BEDOK,EXECUTIVE,661,JLN DAMAI,07 TO 09,143.0,Apartment,1996,1100000.0,71,3,71 years 3 months,13,True
2024-11,BUKIT BATOK,4 ROOM,242,BT BATOK EAST AVE 5,04 TO 06,96.0,New Generation,1985,480000.0,60,3,60 years 3 months,13,True
2024-11,BUKIT BATOK,4 ROOM,386,BT BATOK WEST AVE 5,22 TO 24,92.0,Model A,2004,602000.0,79,3,79 years 3 months,13,True
2024-11,BUKIT MERAH,4 ROOM,90A,TELOK BLANGAH ST 31,01 TO 03,93.0,Model A,2018,878000.0,93,3,93 years 3 months,13,True
2024-11,BUKIT PANJANG,3 ROOM,229,PENDING RD,07 TO 09,73.0,Model A,1988,428000.0,63,3,63 years 3 months,13,True
2024-10,BEDOK,4 ROOM,186A,BEDOK NTH ST 4,01 TO 03,93.0,Model A,2018,725000.0,93,4,93 years 4 months,13,True
2024-10,BUKIT BATOK,3 ROOM,224,BT BATOK ST 21,01 TO 03,67.0,New Generation,1984,378000.0,59,4,59 years 4 months,13,True
2024-10,BUKIT BATOK,3 ROOM,242,BT BATOK EAST AVE 5,10 TO 12,69.0,New Generation,1985,428000.0,60,4,60 years 4 months,13,True
2024-10,BUKIT MERAH,4 ROOM,18,CANTONMENT CL,04 TO 06,90.0,Model A,2002,850000.0,77,4,77 years 4 months,13,True
2024-10,BUKIT PANJANG,3 ROOM,251,BANGKIT RD,07 TO 09,73.0,Model A,1988,430000.0,63,4,63 years 4 months,13,True
2024-10,BUKIT PANJANG,5 ROOM,622,SENJA RD,16 TO 18,111.0,Improved,2001,688888.0,76,4,76 years 4 months,13,True
2024-10,CHOA CHU KANG,4 ROOM,670,CHOA CHU KANG CRES,04 TO 06,104.0,Premium Apartment,1999,525000.0,74,4,74 years 4 months,13,True
2024-10,CHOA CHU KANG,5 ROOM,155,JLN TECK WHYE,07 TO 09,120.0,Improved,1997,688000.0,72,4,72 years 4 months,13,True
2024-10,CLEMENTI,4 ROOM,311B,CLEMENTI AVE 4,34 TO 36,80.0,DBSS,2014,995000.0,89,4,89 years 4 months,13,True
2024-10,CLEMENTI,4 ROOM,311C,CLEMENTI AVE 4,04 TO 06,80.0,DBSS,2014,830000.0,89,4,89 years 4 months,13,True
2024-11,PUNGGOL,3 ROOM,209A,PUNGGOL PL,10 TO 12,67.0,Model A,2014,553000.0,89,3,89 years 3 months,13,True
2024-11,SENGKANG,3 ROOM,334B,ANCHORVALE CRES,01 TO 03,67.0,Premium Apartment,2015,520000.0,90,3,90 years 3 months,13,True
2024-11,SENGKANG,4 ROOM,334B,ANCHORVALE CRES,01 TO 03,92.0,Premium Apartment,2015,575000.0,90,3,90 years 3 months,13,True
2024-11,SENGKANG,4 ROOM,409A,FERNVALE RD,13 TO 15,95.0,Premium Apartment,2004,619888.0,79,3,79 years 3 months,13,True
2024-11,TAMPINES,3 ROOM,819,TAMPINES ST 81,07 TO 09,82.0,New Generation,1984,468888.0,59,3,59 years 3 months,13,True
2024-11,TAMPINES,4 ROOM,338,TAMPINES ST 33,01 TO 03,106.0,Model A,1995,580000.0,70,3,70 years 3 months,13,True
2024-10,SEMBAWANG,4 ROOM,101A,CANBERRA ST,01 TO 03,93.0,Model A,2020,580000.0,95,4,95 years 4 months,13,True
2024-10,SENGKANG,4 ROOM,156,RIVERVALE CRES,04 TO 06,90.0,Model A,2005,550000.0,80,4,80 years 4 months,13,True
2024-10,SENGKANG,4 ROOM,185C,RIVERVALE CRES,10 TO 12,91.0,Model A2,2000,563888.0,75,4,75 years 4 months,13,True
2024-10,SERANGOON,4 ROOM,426,SERANGOON AVE 1,10 TO 12,105.0,Model A,1988,770000.0,63,4,63 years 4 months,13,True
2024-10,TAMPINES,4 ROOM,140,TAMPINES ST 12,01 TO 03,93.0,New Generation,1984,540000.0,59,4,59 years 4 months,13,True
2024-10,TAMPINES,4 ROOM,248,TAMPINES ST 21,07 TO 09,91.0,New Generation,1984,620000.0,59,4,59 years 4 months,13,True
2024-10,TAMPINES,EXECUTIVE,329,TAMPINES ST 32,01 TO 03,148.0,Apartment,1995,848888.0,70,4,70 years 4 months,13,True
2024-10,WOODLANDS,4 ROOM,34,MARSILING DR,04 TO 06,98.0,New Generation,1978,432000.0,53,4,53 years 4 months,13,True
2024-10,WOODLANDS,5 ROOM,123,MARSILING RISE,07 TO 09,121.0,Improved,1985,570000.0,60,4,60 years 4 months,13,True
2024-10,YISHUN,5 ROOM,870,YISHUN ST 81,04 TO 06,122.0,Improved,1987,690000.0,62,4,62 years 4 months,13,True
2024-12,BEDOK,4 ROOM,768,BEDOK RESERVOIR VIEW,07 TO 09,104.0,Premium Apartment,2000,800000.0,75,2,75 years 2 months,13,True
2024-12,BEDOK,5 ROOM,187B,BEDOK NTH ST 4,04 TO 06,113.0,Improved,2018,960000.0,93,2,93 years 2 months,13,True
2024-12,BEDOK,5 ROOM,774,BEDOK RESERVOIR VIEW,16 TO 18,117.0,Premium Apartment,2000,860000.0,75,2,75 years 2 months,13,True
2024-12,BISHAN,3 ROOM,105,BISHAN ST 12,01 TO 03,70.0,Simplified,1985,510000.0,60,2,60 years 2 months,13,True
2024-12,BUKIT BATOK,3 ROOM,164,BT BATOK ST 11,04 TO 06,73.0,Model A,1984,428000.0,59,2,59 years 2 months,13,True
2024-12,BUKIT BATOK,3 ROOM,167,BT BATOK WEST AVE 8,04 TO 06,74.0,Model A,1984,420000.0,59,2,59 years 2 months,13,True
2024-11,BUKIT PANJANG,3 ROOM,488,SEGAR RD,04 TO 06,67.0,Model A,2014,455000.0,89,3,89 years 3 months,13,True
2024-11,BUKIT PANJANG,3 ROOM,633D,SENJA RD,16 TO 18,67.0,Model A,2013,530000.0,88,3,88 years 3 months,13,True
2024-11,BUKIT PANJANG,4 ROOM,431,BT PANJANG RING RD,04 TO 06,84.0,Simplified,1988,458000.0,63,3,63 years 3 months,13,True
2024-11,HOUGANG,2 ROOM,998A,BUANGKOK CRES,13 TO 15,38.0,Model A,2019,345000.0,94,3,94 years 3 months,13,True
2024-11,HOUGANG,4 ROOM,161,HOUGANG ST 11,07 TO 09,103.0,Model A,1997,700888.0,72,3,72 years 3 months,13,True
2024-11,HOUGANG,4 ROOM,998B,BUANGKOK CRES,13 TO 15,94.0,Model A,2019,665000.0,94,3,94 years 3 months,13,True
2024-11,KALLANG/WHAMPOA,4 ROOM,113B,MCNAIR RD,07 TO 09,93.0,Premium Apartment,2017,1010000.0,92,3,92 years 3 months,13,True
2024-11,KALLANG/WHAMPOA,4 ROOM,113B,MCNAIR RD,25 TO 27,93.0,Premium Apartment,2017,1125000.0,92,3,92 years 3 months,13,True
2024-11,PASIR RIS,EXECUTIVE,466,PASIR RIS ST 41,01 TO 03,148.0,Maisonette,1992,895000.0,67,3,67 years 3 months,13,True
2024-11,PASIR RIS,EXECUTIVE,536,PASIR RIS DR 1,13 TO 15,147.0,Apartment,1992,999000.0,67,3,67 years 3 months,13,True
2024-12,BUKIT PANJANG,4 ROOM,443D,FAJAR RD,07 TO 09,93.0,Model A,2016,620000.0,91,2,91 years 2 months,13,True
2024-12,BUKIT PANJANG,4 ROOM,549A,SEGAR RD,13 TO 15,92.0,Model A,2015,595000.0,90,2,90 years 2 months,13,True
2024-12,BUKIT PANJANG,5 ROOM,179,LOMPANG RD,01 TO 03,110.0,Improved,2001,730000.0,76,2,76 years 2 months,13,True
2024-12,BUKIT PANJANG,5 ROOM,179,LOMPANG RD,13 TO 15,110.0,Improved,2001,778000.0,76,2,76 years 2 months,13,True
2024-12,BUKIT PANJANG,5 ROOM,443B,FAJAR RD,07 TO 09,113.0,Improved,2016,728999.0,91,2,91 years 2 months,13,True
2024-12,CHOA CHU KANG,4 ROOM,670A,CHOA CHU KANG CRES,16 TO 18,104.0,Premium Apartment,1999,546888.0,74,2,74 years 2 months,13,True
2024-11,TAMPINES,5 ROOM,515A,TAMPINES CTRL 7,10 TO 12,109.0,DBSS,2008,955000.0,83,3,83 years 3 months,13,True
2024-11,TAMPINES,5 ROOM,515B,TAMPINES CTRL 7,10 TO 12,108.0,DBSS,2008,907000.0,83,3,83 years 3 months,13,True
2024-11,TAMPINES,5 ROOM,515D,TAMPINES CTRL 7,07 TO 09,110.0,DBSS,2008,930000.0,83,3,83 years 3 months,13,True
2024-11,TAMPINES,EXECUTIVE,111,SIMEI ST 1,01 TO 03,146.0,Maisonette,1987,940888.0,62,3,62 years 3 months,13,True
2024-11,WOODLANDS,4 ROOM,120,MARSILING RISE,07 TO 09,98.0,New Generation,1985,500000.0,60,3,60 years 3 months,13,True
2024-11,WOODLANDS,4 ROOM,778,WOODLANDS DR 60,01 TO 03,102.0,Model A,1997,520000.0,72,3,72 years 3 months,13,True
2024-11,YISHUN,4 ROOM,430A,YISHUN AVE 11,10 TO 12,92.0,Model A,2015,582500.0,90,3,90 years 3 months,13,True
2024-11,YISHUN,EXECUTIVE,877,YISHUN ST 81,01 TO 03,142.0,Apartment,1987,865000.0,62,3,62 years 3 months,13,True
2024-12,BEDOK,4 ROOM,187B,BEDOK NTH ST 4,07 TO 09,93.0,Model A,2018,875000.0,93,2,93 years 2 months,13,True
2024-12,BEDOK,4 ROOM,763,BEDOK RESERVOIR VIEW,07 TO 09,105.0,Premium Apartment,2000,720000.0,75,2,75 years 2 months,13,True
2024-12,KALLANG/WHAMPOA,4 ROOM,101,JLN RAJAH,04 TO 06,94.0,New Generation,1980,555000.0,55,2,55 years 2 months,13,True
2024-12,KALLANG/WHAMPOA,4 ROOM,113A,MCNAIR RD,28 TO 30,93.0,Premium Apartment,2017,1098888.0,92,2,92 years 2 months,13,True
2024-12,PASIR RIS,4 ROOM,406,PASIR RIS DR 6,01 TO 03,106.0,Model A,1989,600000.0,64,2,64 years 2 months,13,True
2024-12,PASIR RIS,4 ROOM,416,PASIR RIS DR 6,10 TO 12,105.0,Model A,1989,660000.0,64,2,64 years 2 months,13,True
2024-12,PASIR RIS,5 ROOM,255,PASIR RIS ST 21,04 TO 06,128.0,Improved,1993,700000.0,68,2,68 years 2 months,13,True
2024-12,PASIR RIS,5 ROOM,565,PASIR RIS ST 51,07 TO 09,123.0,Improved,1992,755000.0,67,2,67 years 2 months,13,True
2024-12,BUKIT BATOK,3 ROOM,176,BT BATOK WEST AVE 8,10 TO 12,73.0,Model A,1984,420000.0,59,2,59 years 2 months,13,True
2024-12,BUKIT BATOK,4 ROOM,164,BT BATOK ST 11,04 TO 06,105.0,Model A,1984,540800.0,59,2,59 years 2 months,13,True
2024-12,BUKIT BATOK,4 ROOM,333,BT BATOK ST 32,07 TO 09,89.0,Simplified,1987,465000.0,62,2,62 years 2 months,13,True
2024-12,BUKIT BATOK,4 ROOM,501,BT BATOK ST 52,04 TO 06,89.0,Simplified,1986,500000.0,61,2,61 years 2 months,13,True
2024-12,BUKIT BATOK,5 ROOM,286,BT BATOK EAST AVE 3,10 TO 12,130.0,Improved,1995,748000.0,70,2,70 years 2 months,13,True
2024-12,BUKIT BATOK,EXECUTIVE,141,BT BATOK ST 11,01 TO 03,155.0,Maisonette,1984,865000.0,59,2,59 years 2 months,13,True
2024-12,BUKIT MERAH,3 ROOM,13,TELOK BLANGAH CRES,10 TO 12,65.0,Improved,1975,395000.0,50,2,50 years 2 months,13,True
2024-12,BUKIT MERAH,3 ROOM,90A,TELOK BLANGAH ST 31,13 TO 15,68.0,Model A,2018,708000.0,93,2,93 years 2 months,13,True
2024-12,BUKIT MERAH,4 ROOM,119B,KIM TIAN RD,10 TO 12,92.0,Model A,2002,905000.0,77,2,77 years 2 months,13,True
2024-12,BUKIT PANJANG,3 ROOM,633D,SENJA RD,04 TO 06,67.0,Model A,2013,510000.0,88,2,88 years 2 months,13,True
2024-12,PUNGGOL,5 ROOM,174B,EDGEDALE PLAINS,13 TO 15,112.0,Improved,2003,706000.0,78,2,78 years 2 months,13,True
2024-12,QUEENSTOWN,4 ROOM,184,STIRLING RD,16 TO 18,94.0,Model A,2000,855000.0,75,2,75 years 2 months,13,True
2024-12,SEMBAWANG,3 ROOM,101B,CANBERRA ST,01 TO 03,69.0,Model A,2020,478888.0,95,2,95 years 2 months,13,True
2024-12,SEMBAWANG,4 ROOM,507A,WELLINGTON CIRCLE,04 TO 06,91.0,Model A,2001,540000.0,76,2,76 years 2 months,13,True
2024-12,SEMBAWANG,5 ROOM,101A,CANBERRA ST,04 TO 06,116.0,Improved,2020,750000.0,95,2,95 years 2 months,13,True
2024-12,SEMBAWANG,5 ROOM,101A,CANBERRA ST,10 TO 12,116.0,Improved,2020,785000.0,95,2,95 years 2 months,13,True
2024-12,CHOA CHU KANG,5 ROOM,252,CHOA CHU KANG AVE 2,10 TO 12,123.0,Improved,1994,670000.0,69,2,69 years 2 months,13,True
2024-12,CLEMENTI,3 ROOM,435,CLEMENTI AVE 3,04 TO 06,67.0,New Generation,1978,440000.0,53,2,53 years 2 months,13,True
2024-12,CLEMENTI,4 ROOM,457,CLEMENTI AVE 3,10 TO 12,86.0,Model A,2002,825000.0,77,2,77 years 2 months,13,True
2024-12,GEYLANG,4 ROOM,3A,GEYLANG SERAI,10 TO 12,93.0,Model A,2011,920000.0,86,2,86 years 2 months,13,True
2024-12,GEYLANG,5 ROOM,330,UBI AVE 1,07 TO 09,122.0,Improved,1985,670000.0,60,2,60 years 2 months,13,True
2024-12,HOUGANG,3 ROOM,112,HOUGANG AVE 1,04 TO 06,81.0,New Generation,1981,450000.0,56,2,56 years 2 months,13,True
2024-12,HOUGANG,3 ROOM,530,HOUGANG AVE 6,01 TO 03,64.0,Simplified,1986,435000.0,61,2,61 years 2 months,13,True
2024-12,HOUGANG,4 ROOM,156,HOUGANG ST 11,04 TO 06,97.0,New Generation,1984,528000.0,59,2,59 years 2 months,13,True
2024-12,HOUGANG,4 ROOM,405,HOUGANG AVE 10,10 TO 12,91.0,New Generation,1985,575000.0,60,2,60 years 2 months,13,True
2024-12,JURONG WEST,3 ROOM,525,JURONG WEST ST 52,04 TO 06,67.0,New Generation,1982,418000.0,57,2,57 years 2 months,13,True
2024-12,TAMPINES,4 ROOM,487A,TAMPINES AVE 9,04 TO 06,105.0,Model A,1989,615000.0,64,2,64 years 2 months,13,True
2024-12,TAMPINES,5 ROOM,515C,TAMPINES CTRL 7,13 TO 15,108.0,DBSS,2008,960000.0,83,2,83 years 2 months,13,True
2024-12,TAMPINES,5 ROOM,518C,TAMPINES CTRL 7,10 TO 12,114.0,DBSS,2008,992888.0,83,2,83 years 2 months,13,True
2024-12,TAMPINES,5 ROOM,730,TAMPINES ST 71,10 TO 12,120.0,Improved,1997,808000.0,72,2,72 years 2 months,13,True
2024-12,TAMPINES,EXECUTIVE,326,TAMPINES ST 32,04 TO 06,147.0,Maisonette,1995,922000.0,70,2,70 years 2 months,13,True
2024-12,TOA PAYOH,4 ROOM,262,TOA PAYOH EAST,28 TO 30,93.0,Model A,2019,1035000.0,94,2,94 years 2 months,13,True
2024-12,PASIR RIS,EXECUTIVE,466,PASIR RIS ST 41,01 TO 03,156.0,Maisonette,1992,920088.0,67,2,67 years 2 months,13,True
2024-12,PASIR RIS,EXECUTIVE,500,PASIR RIS ST 52,13 TO 15,146.0,Apartment,1993,970000.0,68,2,68 years 2 months,13,True
2024-12,PUNGGOL,4 ROOM,224A,SUMANG LANE,01 TO 03,93.0,Model A,2018,590000.0,93,2,93 years 2 months,13,True
2024-12,PUNGGOL,4 ROOM,224B,SUMANG LANE,10 TO 12,93.0,Model A,2018,645000.0,93,2,93 years 2 months,13,True
2024-12,PUNGGOL,4 ROOM,224B,SUMANG LANE,13 TO 15,93.0,Model A,2018,655000.0,93,2,93 years 2 months,13,True
2024-12,PUNGGOL,4 ROOM,224C,SUMANG LANE,04 TO 06,93.0,Model A,2018,638000.0,93,2,93 years 2 months,13,True
2024-12,PUNGGOL,4 ROOM,224C,SUMANG LANE,10 TO 12,93.0,Model A,2018,608000.0,93,2,93 years 2 months,13,True
2024-12,PUNGGOL,4 ROOM,612B,PUNGGOL DR,16 TO 18,93.0,Model A,2012,710000.0,87,2,87 years 2 months,13,True
2024-12,PUNGGOL,4 ROOM,632A,PUNGGOL DR,04 TO 06,92.0,Premium Apartment,2007,640000.0,82,2,82 years 2 months,13,True
2024-12,PUNGGOL,4 ROOM,632B,PUNGGOL DR,07 TO 09,91.0,Premium Apartment,2007,620888.0,82,2,82 years 2 months,13,True
2025-01,BUKIT MERAH,3 ROOM,26A,JLN MEMBINA,16 TO 18,60.0,Model A,2008,730000.0,83,1,83 years 1 months,13,True
2025-01,BUKIT MERAH,3 ROOM,91A,TELOK BLANGAH ST 31,01 TO 03,68.0,Model A,2018,660000.0,93,1,93 years 1 months,13,True
2025-01,BUKIT MERAH,3 ROOM,91A,TELOK BLANGAH ST 31,16 TO 18,68.0,Model A,2018,738000.0,93,1,93 years 1 months,13,True
2025-01,BUKIT MERAH,4 ROOM,11,CANTONMENT CL,04 TO 06,90.0,Model A,2002,915000.0,77,1,77 years 1 months,13,True
2025-01,CHOA CHU KANG,5 ROOM,154,JLN TECK WHYE,10 TO 12,121.0,Improved,1997,742000.0,72,1,72 years 1 months,13,True
2025-01,CLEMENTI,4 ROOM,311A,CLEMENTI AVE 4,31 TO 33,80.0,DBSS,2014,995000.0,89,1,89 years 1 months,13,True
2024-12,SENGKANG,3 ROOM,336A,ANCHORVALE CRES,04 TO 06,67.0,Premium Apartment,2015,540000.0,90,2,90 years 2 months,13,True
2024-12,SENGKANG,4 ROOM,115,RIVERVALE WALK,04 TO 06,100.0,Model A,1998,560000.0,73,2,73 years 2 months,13,True
2024-12,SENGKANG,4 ROOM,203A,COMPASSVALE RD,07 TO 09,90.0,Model A,2000,575000.0,75,2,75 years 2 months,13,True
2024-12,SENGKANG,4 ROOM,272D,SENGKANG CTRL,01 TO 03,90.0,Premium Apartment,2009,795000.0,84,2,84 years 2 months,13,True
2024-12,SENGKANG,5 ROOM,152,RIVERVALE CRES,10 TO 12,110.0,Improved,2005,680000.0,80,2,80 years 2 months,13,True
2024-12,SERANGOON,3 ROOM,241,SERANGOON AVE 3,10 TO 12,64.0,Simplified,1985,520000.0,60,2,60 years 2 months,13,True
2024-12,TAMPINES,3 ROOM,214,TAMPINES ST 23,04 TO 06,67.0,New Generation,1985,460000.0,60,2,60 years 2 months,13,True
2024-12,TAMPINES,3 ROOM,270,TAMPINES ST 21,01 TO 03,79.0,Model A,1985,460000.0,60,2,60 years 2 months,13,True
2024-12,TAMPINES,3 ROOM,819,TAMPINES ST 81,01 TO 03,82.0,New Generation,1984,500000.0,59,2,59 years 2 months,13,True
2024-12,TAMPINES,4 ROOM,342,TAMPINES ST 33,07 TO 09,111.0,Model A,1995,575000.0,70,2,70 years 2 months,13,True
2025-01,PUNGGOL,4 ROOM,612D,PUNGGOL DR,07 TO 09,93.0,Model A,2012,688000.0,87,1,87 years 1 months,13,True
2025-01,QUEENSTOWN,4 ROOM,48,STRATHMORE AVE,28 TO 30,90.0,Model A,2006,1010000.0,81,1,81 years 1 months,13,True
2025-01,QUEENSTOWN,4 ROOM,52,STRATHMORE AVE,07 TO 09,90.0,Model A,2006,865000.0,81,1,81 years 1 months,13,True
2025-01,SEMBAWANG,2 ROOM,102B,CANBERRA ST,07 TO 09,38.0,2-room,2020,340000.0,95,1,95 years 1 months,13,True
2025-01,SEMBAWANG,2 ROOM,102B,CANBERRA ST,07 TO 09,47.0,2-room,2020,380000.0,95,1,95 years 1 months,13,True
2025-01,SEMBAWANG,3 ROOM,102B,CANBERRA ST,10 TO 12,69.0,Model A,2020,538888.0,95,1,95 years 1 months,13,True
2024-12,WOODLANDS,5 ROOM,503,WOODLANDS DR 14,04 TO 06,124.0,Improved,1998,670000.0,73,2,73 years 2 months,13,True
2024-12,WOODLANDS,5 ROOM,709,WOODLANDS DR 70,04 TO 06,118.0,Improved,1996,650000.0,71,2,71 years 2 months,13,True
2025-01,BEDOK,4 ROOM,185,BEDOK NTH RD,01 TO 03,92.0,Model A,2005,688000.0,80,1,80 years 1 months,13,True
2025-01,BISHAN,4 ROOM,154,BISHAN ST 13,04 TO 06,102.0,Model A,1987,726000.0,62,1,62 years 1 months,13,True
2025-01,BUKIT BATOK,3 ROOM,164,BT BATOK ST 11,07 TO 09,73.0,Model A,1984,425000.0,59,1,59 years 1 months,13,True
2025-01,BUKIT BATOK,3 ROOM,168,BT BATOK WEST AVE 8,04 TO 06,74.0,Model A,1984,430000.0,59,1,59 years 1 months,13,True
2025-01,BUKIT BATOK,3 ROOM,242,BT BATOK EAST AVE 5,01 TO 03,73.0,New Generation,1985,418000.0,60,1,60 years 1 months,13,True
2025-01,BUKIT BATOK,4 ROOM,178,BT BATOK WEST AVE 8,10 TO 12,110.0,Model A,1984,595000.0,59,1,59 years 1 months,13,True
2025-01,BUKIT BATOK,4 ROOM,369,BT BATOK ST 31,01 TO 03,84.0,Simplified,1985,495000.0,60,1,60 years 1 months,13,True
2025-01,BUKIT BATOK,5 ROOM,386,BT BATOK WEST AVE 5,10 TO 12,118.0,Improved,2004,720000.0,79,1,79 years 1 months,13,True
2025-01,SENGKANG,4 ROOM,150,RIVERVALE CRES,04 TO 06,90.0,Model A,2005,600000.0,80,1,80 years 1 months,13,True
2025-01,SENGKANG,4 ROOM,228B,COMPASSVALE WALK,10 TO 12,102.0,Model A,1999,610000.0,74,1,74 years 1 months,13,True
2025-01,SENGKANG,4 ROOM,335C,ANCHORVALE CRES,10 TO 12,95.0,Premium Apartment,2015,720000.0,90,1,90 years 1 months,13,True
2025-01,SENGKANG,5 ROOM,185A,RIVERVALE CRES,10 TO 12,109.0,Improved,2000,610000.0,75,1,75 years 1 months,13,True
2025-01,SENGKANG,5 ROOM,187A,RIVERVALE DR,07 TO 09,110.0,Improved,2000,670000.0,75,1,75 years 1 months,13,True
2025-01,SENGKANG,5 ROOM,290C,COMPASSVALE CRES,01 TO 03,110.0,Improved,2001,625000.0,76,1,76 years 1 months,13,True
2025-01,SENGKANG,5 ROOM,406C,FERNVALE RD,04 TO 06,110.0,Premium Apartment,2004,615000.0,79,1,79 years 1 months,13,True
2025-01,CLEMENTI,5 ROOM,459,CLEMENTI AVE 3,16 TO 18,110.0,Improved,2002,1020000.0,77,1,77 years 1 months,13,True
2025-01,HOUGANG,4 ROOM,112,HOUGANG AVE 1,04 TO 06,91.0,New Generation,1981,548888.0,56,1,56 years 1 months,13,True
2025-01,JURONG WEST,3 ROOM,473,JURONG WEST ST 41,01 TO 03,67.0,New Generation,1984,370000.0,59,1,59 years 1 months,13,True
2025-01,JURONG WEST,4 ROOM,723,JURONG WEST AVE 5,01 TO 03,104.0,Model A,1990,500000.0,65,1,65 years 1 months,13,True
2025-01,JURONG WEST,4 ROOM,723,JURONG WEST AVE 5,04 TO 06,104.0,Model A,1990,523888.0,65,1,65 years 1 months,13,True
2025-01,KALLANG/WHAMPOA,4 ROOM,113A,MCNAIR RD,16 TO 18,93.0,Premium Apartment,2017,1040000.0,92,1,92 years 1 months,13,True
2025-01,KALLANG/WHAMPOA,4 ROOM,113B,MCNAIR RD,25 TO 27,93.0,Premium Apartment,2017,1122000.0,92,1,92 years 1 months,13,True
2025-01,PASIR RIS,5 ROOM,102,PASIR RIS ST 12,01 TO 03,122.0,Improved,1988,670000.0,63,1,63 years 1 months,13,True
2025-01,PUNGGOL,3 ROOM,672A,EDGEFIELD PLAINS,13 TO 15,65.0,Model A,2015,498000.0,90,1,90 years 1 months,13,True
2025-01,WOODLANDS,4 ROOM,406,WOODLANDS ST 41,04 TO 06,102.0,Model A,1995,550000.0,70,1,70 years 1 months,13,True
2025-01,WOODLANDS,5 ROOM,318,WOODLANDS ST 31,07 TO 09,126.0,Improved,1993,650000.0,68,1,68 years 1 months,13,True
2025-01,WOODLANDS,5 ROOM,557,WOODLANDS DR 53,01 TO 03,115.0,Improved,1999,630000.0,74,1,74 years 1 months,13,True
2025-01,YISHUN,3 ROOM,228,YISHUN ST 21,04 TO 06,67.0,New Generation,1985,410000.0,60,1,60 years 1 months,13,True
2025-01,YISHUN,3 ROOM,429A,YISHUN AVE 11,13 TO 15,67.0,Model A,2015,482000.0,90,1,90 years 1 months,13,True
2025-01,YISHUN,4 ROOM,430B,YISHUN AVE 11,07 TO 09,92.0,Model A,2015,590000.0,90,1,90 years 1 months,13,True
2025-02,BEDOK,4 ROOM,765,BEDOK RESERVOIR VIEW,13 TO 15,105.0,Premium Apartment,2000,835000.0,75,0,75 years 0 months,13,True
2025-01,SEMBAWANG,4 ROOM,101B,CANBERRA ST,07 TO 09,93.0,Model A,2020,638000.0,95,1,95 years 1 months,13,True
2025-01,SEMBAWANG,4 ROOM,101B,CANBERRA ST,10 TO 12,93.0,Model A,2020,660000.0,95,1,95 years 1 months,13,True
2025-01,SEMBAWANG,4 ROOM,102A,CANBERRA ST,07 TO 09,93.0,Model A,2020,628888.0,95,1,95 years 1 months,13,True
2025-01,SEMBAWANG,4 ROOM,589B,MONTREAL DR,04 TO 06,85.0,Model A2,2002,515000.0,77,1,77 years 1 months,13,True
2025-01,SEMBAWANG,5 ROOM,101A,CANBERRA ST,07 TO 09,116.0,Improved,2020,783000.0,95,1,95 years 1 months,13,True
2025-01,SEMBAWANG,5 ROOM,102A,CANBERRA ST,07 TO 09,116.0,Improved,2020,808888.0,95,1,95 years 1 months,13,True
2025-01,SEMBAWANG,5 ROOM,102A,CANBERRA ST,13 TO 15,116.0,Improved,2020,825000.0,95,1,95 years 1 months,13,True
2025-01,SEMBAWANG,5 ROOM,507A,WELLINGTON CIRCLE,01 TO 03,110.0,Improved,2001,615000.0,76,1,76 years 1 months,13,True
2025-01,SENGKANG,3 ROOM,336A,ANCHORVALE CRES,07 TO 09,67.0,Premium Apartment,2015,580000.0,90,1,90 years 1 months,13,True
2025-02,HOUGANG,4 ROOM,998B,BUANGKOK CRES,10 TO 12,94.0,Model A,2019,680000.0,94,0,94 years 0 months,13,True
2025-02,KALLANG/WHAMPOA,4 ROOM,101,JLN RAJAH,01 TO 03,94.0,New Generation,1980,500000.0,55,0,55 years 0 months,13,True
2025-02,PUNGGOL,2 ROOM,222A,SUMANG LANE,13 TO 15,37.0,Model A,2018,339000.0,93,0,93 years 0 months,13,True
2025-02,PUNGGOL,3 ROOM,220C,SUMANG LANE,13 TO 15,68.0,Model A,2018,555000.0,93,0,93 years 0 months,13,True
2025-02,PUNGGOL,4 ROOM,221B,SUMANG LANE,13 TO 15,93.0,Model A,2018,688000.0,93,0,93 years 0 months,13,True
2025-02,PUNGGOL,4 ROOM,224C,SUMANG LANE,04 TO 06,93.0,Model A,2018,648000.0,93,0,93 years 0 months,13,True
2025-02,PUNGGOL,4 ROOM,612A,PUNGGOL DR,16 TO 18,93.0,Model A,2012,708000.0,87,0,87 years 0 months,13,True
2025-02,PUNGGOL,4 ROOM,612B,PUNGGOL DR,07 TO 09,93.0,Model A,2012,655888.0,87,0,87 years 0 months,13,True
2025-01,SENGKANG,EXECUTIVE,136,RIVERVALE ST,04 TO 06,140.0,Apartment,1998,798000.0,73,1,73 years 1 months,13,True
2025-01,SERANGOON,3 ROOM,326,SERANGOON AVE 3,04 TO 06,64.0,Simplified,1985,455000.0,60,1,60 years 1 months,13,True
2025-01,SERANGOON,4 ROOM,223,SERANGOON AVE 4,07 TO 09,94.0,New Generation,1984,680000.0,59,1,59 years 1 months,13,True
2025-01,TAMPINES,4 ROOM,730,TAMPINES ST 71,01 TO 03,101.0,Model A,1997,640000.0,72,1,72 years 1 months,13,True
2025-01,TAMPINES,5 ROOM,515B,TAMPINES CTRL 7,07 TO 09,109.0,DBSS,2008,980000.0,83,1,83 years 1 months,13,True
2025-01,TOA PAYOH,3 ROOM,115A,ALKAFF CRES,07 TO 09,68.0,Model A,2020,750000.0,95,1,95 years 1 months,13,True
2025-01,TOA PAYOH,3 ROOM,262,TOA PAYOH EAST,25 TO 27,68.0,Model A,2019,778000.0,94,1,94 years 1 months,13,True
2025-01,TOA PAYOH,4 ROOM,263,TOA PAYOH EAST,07 TO 09,93.0,Model A,2019,938888.0,94,1,94 years 1 months,13,True
2025-02,SEMBAWANG,5 ROOM,102A,CANBERRA ST,16 TO 18,113.0,Improved,2020,818000.0,95,0,95 years 0 months,13,True
2025-02,TAMPINES,4 ROOM,234,TAMPINES ST 21,07 TO 09,108.0,Model A,1984,695000.0,59,0,59 years 0 months,13,True
2025-02,TAMPINES,5 ROOM,515D,TAMPINES CTRL 7,10 TO 12,109.0,DBSS,2008,1000888.0,83,0,83 years 0 months,13,True
2025-02,TAMPINES,5 ROOM,518C,TAMPINES CTRL 7,04 TO 06,108.0,DBSS,2008,905000.0,83,0,83 years 0 months,13,True
2025-02,TOA PAYOH,3 ROOM,262,TOA PAYOH EAST,22 TO 24,68.0,Model A,2019,715000.0,94,0,94 years 0 months,13,True
2025-02,WOODLANDS,4 ROOM,123,MARSILING RISE,04 TO 06,98.0,New Generation,1985,500000.0,60,0,60 years 0 months,13,True
2025-02,YISHUN,3 ROOM,424D,YISHUN AVE 11,07 TO 09,67.0,Model A,2015,475000.0,90,0,90 years 0 months,13,True
2025-03,BISHAN,4 ROOM,166,BISHAN ST 13,07 TO 09,84.0,Simplified,1987,690000.0,61,11,61 years 11 months,13,True
2025-02,BEDOK,4 ROOM,767,BEDOK RESERVOIR VIEW,07 TO 09,105.0,Premium Apartment,2000,728000.0,75,0,75 years 0 months,13,True
2025-02,BEDOK,4 ROOM,772,BEDOK RESERVOIR VIEW,04 TO 06,105.0,Premium Apartment,2000,690000.0,75,0,75 years 0 months,13,True
2025-02,BISHAN,3 ROOM,308,SHUNFU RD,04 TO 06,67.0,New Generation,1984,550000.0,59,0,59 years 0 months,13,True
2025-02,BUKIT MERAH,3 ROOM,26A,JLN MEMBINA,16 TO 18,60.0,Model A,2008,720000.0,83,0,83 years 0 months,13,True
2025-02,BUKIT MERAH,5 ROOM,119B,KIM TIAN RD,22 TO 24,110.0,Improved,2002,1003630.0,77,0,77 years 0 months,13,True
2025-02,BUKIT PANJANG,5 ROOM,442D,FAJAR RD,13 TO 15,113.0,Improved,2016,798000.0,91,0,91 years 0 months,13,True
2025-02,GEYLANG,5 ROOM,337,UBI AVE 1,01 TO 03,127.0,Improved,1985,590000.0,60,0,60 years 0 months,13,True
2025-02,HOUGANG,4 ROOM,172,HOUGANG AVE 1,07 TO 09,101.0,Model A,1997,615000.0,72,0,72 years 0 months,13,True
2025-03,TAMPINES,4 ROOM,145,TAMPINES ST 12,10 TO 12,103.0,Model A,1984,616888.0,58,11,58 years 11 months,13,True
2025-03,TAMPINES,5 ROOM,515C,TAMPINES CTRL 7,10 TO 12,108.0,DBSS,2008,950000.0,82,11,82 years 11 months,13,True
2025-03,TAMPINES,5 ROOM,518D,TAMPINES CTRL 7,04 TO 06,109.0,DBSS,2008,900000.0,82,11,82 years 11 months,13,True
2025-03,TOA PAYOH,5 ROOM,122,LOR 2 TOA PAYOH,10 TO 12,123.0,Improved,1999,1122888.0,73,11,73 years 11 months,13,True
2025-03,YISHUN,3 ROOM,121,YISHUN ST 11,07 TO 09,67.0,New Generation,1984,433000.0,58,11,58 years 11 months,13,True
2025-03,YISHUN,3 ROOM,127,YISHUN ST 11,01 TO 03,67.0,New Generation,1984,410000.0,58,11,58 years 11 months,13,True
2025-04,BUKIT MERAH,3 ROOM,92B,TELOK BLANGAH ST 31,13 TO 15,68.0,Model A,2018,745000.0,92,10,92 years 10 months,13,True
2025-04,BUKIT MERAH,5 ROOM,18,CANTONMENT CL,04 TO 06,110.0,Improved,2002,1070000.0,76,10,76 years 10 months,13,True
2025-02,PUNGGOL,4 ROOM,612B,PUNGGOL DR,10 TO 12,93.0,Model A,2012,665000.0,87,0,87 years 0 months,13,True
2025-02,PUNGGOL,4 ROOM,613B,PUNGGOL DR,04 TO 06,93.0,Model A,2012,635000.0,87,0,87 years 0 months,13,True
2025-02,PUNGGOL,4 ROOM,673C,EDGEFIELD PLAINS,01 TO 03,90.0,Model A,2015,620000.0,90,0,90 years 0 months,13,True
2025-02,SEMBAWANG,2 ROOM,103A,CANBERRA ST,07 TO 09,38.0,2-room,2020,351000.0,95,0,95 years 0 months,13,True
2025-02,SEMBAWANG,3 ROOM,101B,CANBERRA ST,13 TO 15,69.0,Model A,2020,510000.0,95,0,95 years 0 months,13,True
2025-02,SEMBAWANG,3 ROOM,103A,CANBERRA ST,13 TO 15,69.0,Model A,2020,548888.0,95,0,95 years 0 months,13,True
2025-02,SEMBAWANG,4 ROOM,303,CANBERRA RD,13 TO 15,100.0,Model A,1998,570000.0,73,0,73 years 0 months,13,True
2025-02,SEMBAWANG,4 ROOM,308,CANBERRA RD,07 TO 09,100.0,Model A,1998,580000.0,73,0,73 years 0 months,13,True
2025-04,TAMPINES,3 ROOM,204,TAMPINES ST 21,07 TO 09,60.0,Improved,1983,388000.0,57,10,57 years 10 months,13,True
2025-04,YISHUN,4 ROOM,125,YISHUN ST 11,04 TO 06,91.0,New Generation,1984,500000.0,58,10,58 years 10 months,13,True
2025-04,YISHUN,4 ROOM,468A,YISHUN ST 43,07 TO 09,93.0,Model A,2019,605000.0,93,10,93 years 10 months,13,True
2025-05,GEYLANG,4 ROOM,36,EUNOS CRES,16 TO 18,90.0,Model A,2006,950000.0,80,9,80 years 9 months,13,True
2025-05,HOUGANG,4 ROOM,154,HOUGANG ST 11,07 TO 09,96.0,New Generation,1984,572888.0,58,9,58 years 9 months,13,True
2025-05,SEMBAWANG,4 ROOM,103A,CANBERRA ST,13 TO 15,93.0,Model A,2020,642000.0,94,9,94 years 9 months,13,True
2025-05,TOA PAYOH,3 ROOM,118A,ALKAFF CRES,04 TO 06,72.0,Model A,2020,830000.0,94,9,94 years 9 months,13,True
2025-05,WOODLANDS,5 ROOM,755,WOODLANDS AVE 4,10 TO 12,122.0,Improved,1997,692000.0,71,9,71 years 9 months,13,True
2025-03,BUKIT MERAH,3 ROOM,93B,TELOK BLANGAH ST 31,13 TO 15,68.0,Model A,2018,708000.0,92,11,92 years 11 months,13,True
2025-03,BUKIT PANJANG,3 ROOM,486,SEGAR RD,07 TO 09,67.0,Model A,2014,498000.0,88,11,88 years 11 months,13,True
2025-03,BUKIT PANJANG,4 ROOM,431,BT PANJANG RING RD,04 TO 06,84.0,Simplified,1988,461331.0,62,11,62 years 11 months,13,True
2025-03,PASIR RIS,4 ROOM,405,PASIR RIS DR 6,01 TO 03,106.0,Model A,1989,595000.0,63,11,63 years 11 months,13,True
2025-03,PUNGGOL,2 ROOM,672B,EDGEFIELD PLAINS,07 TO 09,44.0,Model A,2015,355000.0,89,11,89 years 11 months,13,True
2025-03,PUNGGOL,4 ROOM,671A,EDGEFIELD PLAINS,07 TO 09,90.0,Model A,2015,655000.0,89,11,89 years 11 months,13,True
2025-03,SEMBAWANG,4 ROOM,102A,CANBERRA ST,16 TO 18,93.0,Model A,2020,685000.0,94,11,94 years 11 months,13,True
2025-03,SEMBAWANG,5 ROOM,101A,CANBERRA ST,10 TO 12,113.0,Improved,2020,808888.0,94,11,94 years 11 months,13,True
2026-01,HOUGANG,4 ROOM,998B,BUANGKOK CRES,01 TO 03,94.0,Model A,2019,618000.0,93,1,93 years 1 months,13,True
2026-01,SEMBAWANG,4 ROOM,589A,MONTREAL DR,13 TO 15,85.0,Model A2,2002,560000.0,76,1,76 years 1 months,13,True
2025-09,HOUGANG,3 ROOM,356,HOUGANG AVE 7,01 TO 03,67.0,New Generation,1984,420000.0,58,5,58 years 5 months,13,True
2025-09,SEMBAWANG,3 ROOM,101B,CANBERRA ST,13 TO 15,69.0,Model A,2020,560000.0,94,5,94 years 5 months,13,True
2025-10,PASIR RIS,4 ROOM,521,PASIR RIS ST 52,13 TO 15,108.0,Model A,1993,708000.0,67,4,67 years 4 months,13,True
2025-10,SEMBAWANG,2 ROOM,103B,CANBERRA ST,04 TO 06,47.0,2-room,2020,380000.0,94,4,94 years 4 months,13,True
2025-11,TOA PAYOH,3 ROOM,115A,ALKAFF CRES,16 TO 18,68.0,Model A,2020,850000.0,94,3,94 years 3 months,13,True
2025-12,BUKIT PANJANG,5 ROOM,436,FAJAR RD,01 TO 03,121.0,Improved,1989,625000.0,63,2,63 years 2 months,13,True
2025-04,JURONG WEST,5 ROOM,673C,JURONG WEST ST 65,13 TO 15,110.0,Improved,2002,612000.0,76,10,76 years 10 months,13,True
2025-04,JURONG WEST,EXECUTIVE,274A,JURONG WEST AVE 3,04 TO 06,126.0,Apartment,2001,652000.0,75,10,75 years 10 months,13,True
2025-04,PUNGGOL,2 ROOM,210C,PUNGGOL PL,16 TO 18,46.0,Model A,2014,387000.0,88,10,88 years 10 months,13,True
2025-04,PUNGGOL,3 ROOM,209C,PUNGGOL PL,13 TO 15,67.0,Model A,2014,550000.0,88,10,88 years 10 months,13,True
2025-04,SEMBAWANG,2 ROOM,103B,CANBERRA ST,10 TO 12,47.0,2-room,2020,395000.0,94,10,94 years 10 months,13,True
2025-04,SEMBAWANG,5 ROOM,352C,CANBERRA RD,01 TO 03,110.0,Improved,2001,632888.0,75,10,75 years 10 months,13,True
2025-04,SENGKANG,EXECUTIVE,143,RIVERVALE DR,16 TO 18,140.0,Apartment,1999,880000.0,73,10,73 years 10 months,13,True
2025-04,SERANGOON,3 ROOM,152,SERANGOON NTH AVE 1,04 TO 06,64.0,Simplified,1986,432000.0,60,10,60 years 10 months,13,True
2026-09,PUNGGOL,3 ROOM,673A,EDGEFIELD PLAINS,13 TO 15,65.0,Model A,2015,530000.0,88,5,88 years 5 months,13,True
2017-10,WOODLANDS,5 ROOM,576,WOODLANDS DR 16,04 TO 06,110.0,Improved,2000,386000.0,82,4,82 years 4 months,13,True
2017-11,JURONG WEST,4 ROOM,722,JURONG WEST AVE 5,04 TO 06,104.0,Model A,1990,345000.0,72,3,72 years 3 months,13,True
2017-11,PUNGGOL,4 ROOM,612D,PUNGGOL DR,10 TO 12,93.0,Model A,2012,425000.0,94,3,94 years 3 months,13,True
2017-11,SEMBAWANG,5 ROOM,588A,MONTREAL DR,04 TO 06,110.0,Improved,2002,368000.0,84,3,84 years 3 months,13,True
2017-11,SENGKANG,4 ROOM,185B,RIVERVALE CRES,04 TO 06,85.0,Model A2,2000,322000.0,82,3,82 years 3 months,13,True
2017-12,BUKIT BATOK,3 ROOM,333,BT BATOK ST 32,07 TO 09,64.0,Simplified,1987,265000.0,69,2,69 years 2 months,13,True
2017-12,SENGKANG,5 ROOM,203E,COMPASSVALE RD,10 TO 12,110.0,Improved,2000,455000.0,82,2,82 years 2 months,13,True
2017-12,TAMPINES,5 ROOM,518C,TAMPINES CTRL 7,07 TO 09,113.0,DBSS,2008,745000.0,90,2,90 years 2 months,13,True
2017-12,YISHUN,3 ROOM,125,YISHUN ST 11,04 TO 06,67.0,New Generation,1984,243000.0,66,2,66 years 2 months,13,True
2026-07,WOODLANDS,5 ROOM,556,WOODLANDS DR 53,04 TO 06,120.0,Improved,1999,610000.0,72,7,72 years 7 months,13,True
2026-08,SENGKANG,3 ROOM,334B,ANCHORVALE CRES,16 TO 18,67.0,Premium Apartment,2015,555000.0,88,6,88 years 6 months,13,True
2026-08,TAMPINES,5 ROOM,518D,TAMPINES CTRL 7,13 TO 15,109.0,DBSS,2008,990000.0,81,6,81 years 6 months,13,True
2026-08,TAMPINES,5 ROOM,898A,TAMPINES ST 81,07 TO 09,122.0,Improved,1988,768888.0,61,6,61 years 6 months,13,True
2026-09,BUKIT MERAH,4 ROOM,8,CANTONMENT CL,19 TO 21,90.0,Model A,2002,1055000.0,75,5,75 years 5 months,13,True
2025-06,BUKIT MERAH,4 ROOM,93B,TELOK BLANGAH ST 31,10 TO 12,93.0,Model A,2018,960000.0,92,8,92 years 8 months,13,True
2026-04,WOODLANDS,3 ROOM,318,WOODLANDS ST 31,04 TO 06,83.0,Model A,1993,510000.0,66,10,66 years 10 months,13,True
2026-05,TAMPINES,5 ROOM,515B,TAMPINES CTRL 7,04 TO 06,107.0,DBSS,2008,955000.0,81,9,81 years 9 months,13,True
2026-05,YISHUN,4 ROOM,306,YISHUN CTRL,07 TO 09,108.0,Model A,1987,630000.0,60,9,60 years 9 months,13,True
2026-06,BUKIT BATOK,3 ROOM,226,BT BATOK CTRL,01 TO 03,67.0,New Generation,1984,400000.0,57,8,57 years 8 months,13,True
2026-06,TAMPINES,4 ROOM,518A,TAMPINES CTRL 7,07 TO 09,92.0,DBSS,2008,850000.0,81,8,81 years 8 months,13,True
2026-07,BUKIT BATOK,3 ROOM,501,BT BATOK ST 52,04 TO 06,64.0,Simplified,1986,390000.0,59,7,59 years 7 months,13,True
2026-07,TAMPINES,5 ROOM,515A,TAMPINES CTRL 7,16 TO 18,109.0,DBSS,2008,1068888.0,81,7,81 years 7 months,13,True
2026-01,YISHUN,2 ROOM,424A,YISHUN AVE 11,07 TO 09,47.0,Model A,2015,363000.0,89,1,89 years 1 months,13,True
2026-02,PUNGGOL,4 ROOM,673B,EDGEFIELD PLAINS,04 TO 06,90.0,Model A,2015,600000.0,89,0,89 years 0 months,13,True
2026-03,BEDOK,4 ROOM,185,BEDOK NTH RD,01 TO 03,92.0,Model A,2005,708000.0,78,11,78 years 11 months,13,True
2026-03,BUKIT MERAH,3 ROOM,9,CANTONMENT CL,25 TO 27,60.0,Model A,2002,720000.0,75,11,75 years 11 months,13,True
2026-03,TAMPINES,5 ROOM,515C,TAMPINES CTRL 7,01 TO 03,105.0,DBSS,2008,720000.0,81,11,81 years 11 months,13,True
2017-04,SENGKANG,4 ROOM,410C,FERNVALE RD,04 TO 06,95.0,Premium Apartment,2012,420000.0,94,10,94 years 10 months,13,True
2017-03,SERANGOON,EXECUTIVE,142,SERANGOON NTH AVE 1,01 TO 03,146.0,Maisonette,1986,675000.0,68,11,68 years 11 months,13,True
2017-03,ANG MO KIO,4 ROOM,222,ANG MO KIO AVE 1,04 TO 06,103.0,Model A,1993,455000.0,75,11,75 years 11 months,13,True
2016-02,PASIR RIS,5 ROOM,513,PASIR RIS ST 52,10 TO 12,128.0,Improved,1993,495000.0,77,0,77 years 0 months,13,True
